Year,AFG,ALB,DZA,AGO,ATG,ARG,ARM,ABW,AUS,AUT,AZE,BHS,BHR,BGD,BRB,BLR,BEL,BLZ,BEN,BMU,BTN,BOL,BIH,BWA,BRA,VGB,BRN,BGR,BFA,BDI,CPV,KHM,CMR,CAN,CYM,CAF,TCD,CHI,CHL,CHN,COL,COM,COD,COG,CRI,CIV,HRV,CUB,CUW,CYP,CZE,DNK,DJI,DMA,DOM,ECU,EGY,SLV,GNQ,ERI,EST,SWZ,ETH,FRO,FJI,FIN,FRA,PYF,GAB,GMB,GEO,DEU,GHA,GIB,GRC,GRL,GRD,GUM,GTM,GIN,GNB,GUY,HTI,HND,HKG,HUN,ISL,IND,IDN,IRN,IRQ,IRL,IMN,ISR,ITA,JAM,JPN,JOR,KAZ,KEN,KIR,PRK,KOR,XKX,KWT,KGZ,LAO,LVA,LBN,LSO,LBR,LBY,LIE,LTU,LUX,MAC,MDG,MWI,MYS,MDV,MLI,MLT,MHL,MRT,MUS,MEX,FSM,MDA,MCO,MNG,MNE,MAR,MOZ,MMR,NAM,NRU,NPL,NLD,NCL,NZL,NIC,NER,NGA,MKD,MNP,NOR,OMN,PAK,PLW,PAN,PNG,PRY,PER,PHL,POL,PRT,PRI,QAT,ROU,RUS,RWA,WSM,SMR,STP,SAU,SEN,SRB,SYC,SLE,SGP,SXM,SVK,SVN,SLB,SOM,ZAF,SSD,ESP,LKA,KNA,LCA,MAF,VCT,SDN,SUR,SWE,CHE,SYR,TJK,TZA,THA,TLS,TGO,TON,TTO,TUN,TUR,TKM,TCA,TUV,UGA,UKR,ARE,GBR,USA,URY,UZB,VUT,VEN,VNM,VIR,PSE,YEM,ZMB,ZWE,AFE,AFW,ARB,CSS,CEB,EAR,EAS,EAP,TEA,EMU,ECS,ECA,TEC,EUU,FCS,HPC,HIC,IBD,IBT,IDB,IDX,IDA,LTE,LCN,LAC,TLA,LDC,LMY,LIC,LMC,MEA,MNA,TMN,MIC,NAC,INX,OED,OSS,PSS,PST,PRE,SST,SAS,TSA,SSF,SSA,TSS,UMC,WLD
1960,7.45,6.49,7.52,6.71,4.43,3.11,4.79,4.82,3.45,2.69,5.88,4.50,7.09,6.73,4.33,2.67,2.54,6.50,6.28,,6.64,6.36,3.80,6.62,6.06,,6.84,2.31,6.29,6.94,6.89,6.97,5.65,3.81,,5.84,6.25,2.42,4.70,5.76,6.74,6.79,6.00,5.88,6.71,7.69,2.29,4.19,,3.50,2.09,2.57,6.46,,7.56,6.72,6.72,6.67,5.65,6.90,1.98,6.75,6.88,,6.46,2.72,2.85,5.66,4.38,6.25,2.94,2.37,6.75,,2.23,,6.74,6.05,6.90,6.11,5.92,6.37,6.32,7.46,5.01,2.02,4.29,5.91,5.67,6.93,6.25,3.78,,3.87,2.40,5.42,2.00,7.69,4.56,7.95,6.79,4.58,6.10,,7.24,5.47,5.96,1.94,5.74,5.84,6.41,7.20,,2.56,2.29,4.77,7.30,6.94,6.45,7.02,6.97,3.62,,6.78,6.17,6.77,6.93,3.33,,6.95,3.60,7.04,6.44,6.05,6.15,,5.96,3.12,6.28,4.03,7.37,7.45,6.35,3.84,,2.85,7.25,6.60,,5.87,6.28,6.50,6.94,7.15,2.98,3.16,4.66,6.97,2.34,2.52,8.19,7.65,,6.24,7.22,7.00,,,6.13,5.76,,3.04,2.34,6.39,7.25,6.04,6.72,2.86,5.54,,6.97,,7.22,6.69,6.61,2.17,2.44,7.47,6.55,6.81,6.15,6.32,6.52,7.36,5.26,6.94,6.37,6.59,,,7.00,2.24,6.93,2.69,3.65,2.88,6.26,7.20,6.36,6.35,5.62,,7.94,7.12,7.16,6.72,6.44,6.98,5.60,2.50,6.14,5.39,5.83,5.85,2.61,2.84,3.15,3.12,2.57,6.49,6.72,3.03,5.42,5.62,6.52,6.68,6.63,5.17,5.88,5.98,5.96,6.65,5.66,6.59,5.98,6.91,6.97,6.97,5.60,3.67,,3.30,5.08,6.77,2.90,6.62,5.32,6.04,6.04,6.60,6.60,6.60,5.26,4.98
1961,7.45,6.40,7.57,6.79,4.39,3.10,4.67,4.66,3.54,2.78,5.94,4.50,7.13,6.76,4.31,2.59,2.63,6.48,6.34,,6.62,6.34,3.74,6.63,6.03,,6.77,2.29,6.32,6.99,6.92,6.96,5.71,3.75,,5.87,6.27,2.48,4.66,5.91,6.71,6.85,6.02,5.92,6.65,7.72,2.25,4.37,,3.47,2.11,2.55,6.49,,7.49,6.70,6.70,6.68,5.66,6.87,1.98,6.77,6.88,,6.28,2.72,2.87,5.58,4.46,6.23,2.94,2.45,6.79,,2.13,,6.63,6.05,6.86,6.13,5.93,6.31,6.32,7.45,5.03,1.94,3.88,5.90,5.66,6.92,6.36,3.78,2.71,3.86,2.44,5.53,2.05,7.80,4.51,8.00,6.80,4.36,5.93,,7.27,5.52,5.96,1.94,5.72,5.83,6.43,7.24,,2.53,,4.65,7.30,6.96,6.42,7.08,6.98,3.27,,6.79,6.18,6.77,6.92,3.26,,7.17,3.52,7.07,6.48,6.07,6.17,,5.96,3.22,6.14,3.98,7.31,7.47,6.35,3.76,,2.94,7.25,6.60,,5.85,6.28,6.49,6.92,7.09,2.83,3.21,4.55,6.97,2.17,2.45,8.19,7.65,,6.26,7.23,7.04,2.50,,6.17,5.41,,2.96,2.33,6.39,7.25,6.03,6.73,2.77,5.42,,6.93,,7.16,6.71,6.59,2.21,2.52,7.50,6.66,6.81,6.15,6.27,6.57,7.35,5.18,6.97,6.30,6.69,,,7.02,2.17,6.91,2.78,3.62,2.89,6.36,7.12,6.30,6.39,5.65,,7.96,7.17,7.22,6.74,6.46,7.00,5.61,2.40,6.14,5.47,5.93,5.96,2.64,2.82,3.08,3.05,2.57,6.51,6.73,3.04,5.45,5.65,6.54,6.70,6.65,5.22,5.87,5.97,5.94,6.67,5.69,6.58,5.98,6.92,6.99,6.99,5.63,3.63,,3.31,5.07,6.67,2.91,6.64,5.31,6.04,6.04,6.62,6.62,6.62,5.31,5.00
1962,7.45,6.28,7.61,6.87,4.34,3.09,4.52,4.47,3.44,2.80,5.96,4.45,7.16,6.79,4.27,2.50,2.59,6.46,6.39,,6.61,6.31,3.68,6.65,5.98,,6.68,2.24,6.34,7.03,6.95,6.96,5.77,3.68,,5.89,6.29,2.53,4.60,6.06,6.66,6.90,6.03,5.97,6.54,7.75,2.22,4.50,,3.42,2.12,2.55,6.53,,7.40,6.68,6.67,6.67,5.67,6.84,1.95,6.79,6.88,,6.09,2.68,2.89,5.50,4.54,6.21,2.94,2.44,6.83,,2.16,,6.44,5.98,6.82,6.14,5.94,6.23,6.30,7.44,4.98,1.79,3.98,5.89,5.65,6.91,6.51,3.92,,3.85,2.46,5.63,2.01,7.90,4.43,8.04,6.78,4.17,5.74,,7.31,5.53,5.97,1.91,5.69,5.82,6.45,7.31,,2.45,2.37,4.46,7.30,6.99,6.35,7.12,6.99,3.24,,6.79,6.12,6.77,6.91,3.18,,7.35,3.44,7.09,6.53,6.10,6.18,,5.96,3.18,6.01,4.11,7.25,7.49,6.35,3.69,,2.91,7.25,6.60,,5.81,6.28,6.47,6.90,7.02,2.72,3.23,4.41,6.98,2.04,2.36,8.20,7.63,,6.28,7.24,7.08,,,6.22,5.21,,2.83,2.33,6.38,7.26,6.01,6.75,2.80,5.30,,6.88,,7.07,6.74,6.56,2.25,2.58,7.52,6.76,6.80,6.16,6.22,6.62,7.30,5.05,6.99,6.24,6.76,,,7.04,2.14,6.89,2.86,3.46,2.88,6.44,7.03,6.23,6.43,5.68,,7.99,7.21,7.27,6.75,6.47,7.02,5.60,2.31,6.14,5.55,6.04,6.07,2.64,2.80,3.04,3.00,2.56,6.52,6.75,2.99,5.50,5.69,6.55,6.72,6.67,5.31,5.85,5.95,5.92,6.70,5.73,6.58,5.98,6.93,7.00,7.00,5.68,3.48,,3.26,5.07,6.56,2.86,6.66,5.30,6.04,6.04,6.63,6.63,6.63,5.40,5.03
1963,7.45,6.13,7.65,6.95,4.30,3.08,4.35,4.27,3.33,2.82,5.95,4.36,7.19,6.83,4.20,2.40,2.68,6.44,6.45,,6.60,6.28,3.60,6.67,5.91,,6.57,2.21,6.38,7.07,6.98,6.94,5.83,3.61,,5.91,6.30,2.55,4.54,6.21,6.58,6.94,6.05,6.01,6.39,7.78,2.18,4.58,,3.35,2.31,2.67,6.56,,7.30,6.65,6.65,6.65,5.69,6.81,1.89,6.81,6.87,,5.88,2.68,2.89,5.43,4.62,6.20,2.92,2.51,6.86,,2.14,,6.20,5.86,6.79,6.15,5.95,6.14,6.27,7.44,4.86,1.82,3.99,5.88,5.63,6.90,6.69,4.01,,3.84,2.51,5.71,2.02,7.98,4.32,8.08,6.73,4.06,5.53,,7.35,5.52,5.97,1.85,5.65,5.81,6.48,7.40,,2.35,,4.22,7.31,7.02,6.25,7.15,7.01,2.90,,6.80,5.99,6.78,6.90,3.09,,7.48,3.34,7.09,6.57,6.12,6.20,,5.96,3.19,5.90,3.99,7.19,7.51,6.34,3.64,,2.93,7.26,6.60,,5.77,6.28,6.45,6.86,6.95,2.70,3.12,4.25,6.98,2.01,2.27,8.20,7.60,,6.31,7.25,7.12,,,6.26,5.16,,2.92,2.32,6.39,7.26,5.99,6.76,2.88,5.18,,6.82,,6.98,6.76,6.50,2.33,2.65,7.54,6.84,6.80,6.16,6.16,6.68,7.23,4.87,7.01,6.17,6.79,,,7.06,2.06,6.88,2.88,3.32,2.87,6.49,6.94,6.16,6.45,5.70,,8.03,7.25,7.31,6.77,6.49,7.04,5.57,2.31,6.13,5.62,6.14,6.18,2.68,2.80,2.97,2.94,2.59,6.53,6.77,2.97,5.53,5.73,6.56,6.74,6.68,5.37,5.81,5.92,5.88,6.72,5.77,6.58,5.98,6.94,7.01,7.01,5.71,3.35,,3.24,5.04,6.44,2.84,6.69,5.27,6.03,6.03,6.65,6.65,6.65,5.47,5.05
1964,7.45,5.96,7.67,7.04,4.25,3.07,4.15,4.06,3.15,2.79,5.89,4.22,7.19,6.85,4.09,2.31,2.71,6.42,6.50,,6.60,6.25,3.52,6.68,5.82,,6.44,2.19,6.41,7.11,6.99,6.91,5.89,3.46,,5.93,6.32,2.55,4.46,6.32,6.48,6.98,6.07,6.06,6.19,7.81,2.14,4.60,,3.25,2.34,2.60,6.60,,7.19,6.61,6.62,6.61,5.71,6.78,1.94,6.83,6.87,,5.68,2.59,2.87,5.37,4.69,6.20,2.91,2.54,6.89,,2.24,,5.91,5.67,6.77,6.17,5.96,6.05,6.23,7.44,4.67,1.82,3.88,5.86,5.62,6.87,6.87,4.07,,3.83,2.66,5.78,2.05,8.03,4.19,8.10,6.63,4.02,5.33,,7.38,5.48,5.97,1.79,5.58,5.81,6.50,7.52,,2.28,2.34,3.93,7.31,7.06,6.10,7.18,7.03,2.79,,6.80,5.79,6.78,6.89,2.99,,7.56,3.25,7.07,6.62,6.13,6.22,,5.97,3.17,5.70,3.73,7.13,7.52,6.34,3.60,,2.98,7.26,6.60,,5.71,6.27,6.41,6.81,6.87,2.57,3.21,4.08,6.99,1.96,2.18,8.20,7.57,,6.33,7.26,7.16,,,6.30,4.97,,2.89,2.31,6.39,7.26,5.96,6.78,3.01,5.07,,6.76,,6.88,6.79,6.41,2.47,2.66,7.56,6.91,6.80,6.15,6.08,6.73,7.12,4.66,7.02,6.09,6.79,,,7.08,1.96,6.86,2.93,3.19,2.86,6.52,6.84,6.07,6.46,5.70,,8.07,7.27,7.35,6.78,6.50,7.05,5.52,2.26,6.11,5.68,6.22,6.26,2.74,2.79,2.90,2.86,2.62,6.54,6.78,2.94,5.55,5.74,6.56,6.76,6.70,5.42,5.76,5.87,5.82,6.73,5.78,6.59,5.97,6.94,7.01,7.01,5.73,3.21,,3.23,5.03,6.32,2.82,6.71,5.24,6.01,6.01,6.66,6.66,6.66,5.51,5.06
1965,7.45,5.77,7.68,7.12,4.19,3.06,3.95,3.84,2.98,2.70,5.79,4.06,7.16,6.88,3.96,2.27,2.61,6.40,6.54,,6.60,6.21,3.42,6.69,5.70,,6.30,2.09,6.45,7.15,6.99,6.87,5.95,3.12,,5.94,6.34,2.53,4.36,6.39,6.33,7.00,6.09,6.10,5.96,7.84,2.10,4.55,,3.13,2.18,2.61,6.63,,7.05,6.56,6.58,6.55,5.73,6.75,1.88,6.84,6.86,,5.48,2.48,2.84,5.31,4.77,6.19,2.88,2.50,6.92,,2.25,,5.60,5.44,6.74,6.18,5.97,5.96,6.18,7.44,4.42,1.82,3.73,5.83,5.61,6.83,7.04,4.04,,3.81,2.60,5.82,2.14,8.06,4.05,8.12,6.50,4.06,5.13,,7.41,5.42,5.97,1.74,5.50,5.80,6.52,7.65,,2.23,2.42,3.62,7.31,7.10,5.92,7.20,7.05,2.52,,6.80,5.51,6.78,6.89,2.89,,7.59,3.15,7.03,6.65,6.14,6.24,,5.97,3.04,5.60,3.54,7.07,7.53,6.34,3.55,,2.94,7.27,6.60,,5.64,6.26,6.36,6.75,6.78,2.52,3.15,3.89,6.99,1.91,2.13,8.20,7.52,,6.35,7.26,7.19,,,6.34,4.66,,2.78,2.30,6.42,7.26,5.92,6.80,2.94,4.96,,6.69,,6.76,6.81,6.30,2.39,2.59,7.56,6.96,6.80,6.13,6.01,6.79,6.97,4.43,7.01,6.01,6.76,,,7.09,1.99,6.84,2.86,2.91,2.84,6.52,6.73,5.98,6.48,5.68,,8.11,7.29,7.37,6.78,6.52,7.05,5.44,2.20,6.09,5.72,6.26,6.30,2.68,2.74,2.87,2.83,2.56,6.55,6.80,2.84,5.55,5.75,6.56,6.77,6.71,5.44,5.69,5.81,5.76,6.75,5.79,6.61,5.95,6.93,7.00,7.00,5.73,2.93,,3.14,4.98,6.19,2.72,6.73,5.18,5.99,5.99,6.67,6.67,6.67,5.53,5.04
1966,7.45,5.58,7.68,7.19,4.13,3.05,3.76,3.63,2.88,2.66,5.66,3.90,7.10,6.90,3.81,2.29,2.52,6.38,6.59,,6.60,6.17,3.31,6.70,5.57,,6.16,2.03,6.49,7.18,6.99,6.81,6.00,2.75,,5.95,6.36,2.48,4.26,6.38,6.16,7.03,6.11,6.14,5.70,7.87,2.06,4.46,,3.01,2.02,2.62,6.67,,6.90,6.51,6.53,6.49,5.76,6.73,1.87,6.85,6.87,,5.28,2.41,2.80,5.27,4.83,6.19,2.85,2.53,6.94,,2.32,,5.30,5.19,6.72,6.19,5.98,5.86,6.11,7.44,4.15,1.89,3.59,5.79,5.60,6.77,7.19,3.94,,3.80,2.58,5.82,1.58,8.05,3.91,8.13,6.33,4.16,4.94,,7.42,5.35,5.97,1.76,5.40,5.80,6.55,7.78,,2.22,2.34,3.28,7.31,7.14,5.73,7.22,7.07,2.33,,6.80,5.19,6.78,6.90,2.80,,7.60,3.05,6.97,6.68,6.13,6.27,,5.96,2.90,5.39,3.41,7.03,7.54,6.34,3.50,,2.90,7.28,6.60,,5.56,6.24,6.28,6.68,6.69,2.34,3.16,3.70,6.99,1.90,2.10,8.20,7.46,,6.37,7.26,7.22,,,6.37,4.46,,2.66,2.29,6.47,7.26,5.88,6.82,2.91,4.85,,6.61,,6.63,6.83,6.18,2.37,2.50,7.57,7.00,6.80,6.08,5.93,6.85,6.80,4.20,6.98,5.93,6.70,,,7.11,2.02,6.82,2.78,2.72,2.83,6.50,6.63,5.87,6.49,5.63,,8.17,7.30,7.39,6.79,6.54,7.04,5.35,2.12,6.07,5.65,6.25,6.29,2.66,2.71,2.85,2.79,2.53,6.55,6.81,2.68,5.53,5.73,6.57,6.78,6.72,5.42,5.61,5.73,5.68,6.76,5.77,6.64,5.94,6.91,6.98,6.98,5.72,2.72,,2.98,4.95,6.06,2.57,6.76,5.13,5.96,5.96,6.68,6.68,6.68,5.52,4.99
1967,7.45,5.39,7.67,7.27,4.04,3.05,3.58,3.42,2.85,2.62,5.51,3.75,7.00,6.92,3.64,2.26,2.41,6.36,6.63,,6.60,6.13,3.21,6.70,5.42,,6.03,2.02,6.53,7.21,6.98,6.75,6.06,2.53,,5.95,6.39,2.40,4.14,6.32,5.96,7.04,6.14,6.18,5.42,7.89,2.03,4.33,,2.89,1.91,2.35,6.70,,6.74,6.44,6.47,6.42,5.78,6.71,1.90,6.85,6.88,,5.08,2.32,2.75,5.22,4.90,6.19,2.82,2.48,6.95,,2.45,,5.04,4.94,6.71,6.20,5.99,5.76,6.03,7.42,3.89,2.01,3.28,5.75,5.58,6.70,7.30,3.84,,3.79,2.50,5.79,2.02,8.03,3.80,8.13,6.13,4.26,4.77,,7.40,5.30,5.97,1.80,5.30,5.80,6.58,7.91,,2.23,2.24,2.96,7.30,7.18,5.53,7.23,7.09,2.24,,6.80,4.85,6.76,6.91,2.72,,7.59,2.95,6.90,6.70,6.11,6.31,,5.96,2.81,5.17,3.35,6.98,7.54,6.36,3.44,,2.81,7.28,6.60,,5.47,6.23,6.17,6.60,6.59,2.33,3.16,3.53,6.98,3.66,2.04,8.20,7.40,,6.39,7.26,7.24,,,6.40,3.91,,2.48,2.27,6.55,7.25,5.83,6.84,2.94,4.73,,6.51,,6.49,6.85,6.05,2.28,2.39,7.57,7.02,6.79,6.01,5.86,6.91,6.59,3.99,6.94,5.86,6.64,,,7.11,2.01,6.79,2.68,2.56,2.83,6.46,6.53,5.75,6.49,5.56,,8.22,7.32,7.40,6.80,6.56,7.03,5.24,2.47,6.03,5.64,6.20,6.23,2.62,2.71,2.93,2.86,2.58,6.56,6.82,2.66,5.49,5.70,6.58,6.79,6.72,5.39,5.52,5.64,5.59,6.77,5.75,6.67,5.91,6.88,6.95,6.95,5.69,2.56,,2.97,4.93,5.93,2.56,6.78,5.07,5.93,5.93,6.70,6.70,6.70,5.48,4.97
1968,7.45,5.22,7.67,7.33,3.94,3.05,3.43,3.23,2.89,2.58,5.35,3.65,6.86,6.94,3.46,2.22,2.31,6.34,6.67,,6.60,6.09,3.11,6.69,5.27,,5.91,2.27,6.56,7.23,6.97,6.67,6.11,2.39,,5.96,6.43,2.32,4.03,6.18,5.74,7.06,6.16,6.21,5.13,7.91,2.01,4.21,,2.78,1.84,2.12,6.74,,6.56,6.35,6.40,6.34,5.79,6.69,2.03,6.86,6.90,,4.89,2.14,2.69,5.17,4.96,6.19,2.79,2.38,6.96,,2.42,,4.84,4.72,6.69,6.21,6.01,5.64,5.94,7.38,3.65,2.06,3.06,5.70,5.56,6.62,7.36,3.77,,3.79,2.46,5.72,2.13,8.00,3.71,8.12,5.90,4.33,4.62,,7.36,5.25,5.97,1.83,5.18,5.81,6.62,8.01,,2.24,2.12,2.66,7.30,7.22,5.34,7.24,7.11,2.12,,6.80,4.52,6.73,6.92,2.66,,7.58,2.87,6.82,6.72,6.08,6.35,,5.95,2.72,4.88,3.33,6.94,7.55,6.39,3.36,,2.75,7.29,6.60,,5.38,6.21,6.04,6.51,6.49,2.24,3.12,3.38,6.97,3.63,1.99,8.21,7.33,,6.42,7.27,7.25,,,6.43,3.53,,2.39,2.26,6.66,7.23,5.78,6.86,2.87,4.61,,6.39,,6.35,6.87,5.92,2.07,2.29,7.57,7.04,6.79,5.90,5.79,6.97,6.37,3.80,6.88,5.78,6.56,,,7.12,2.00,6.76,2.60,2.46,2.84,6.42,6.43,5.61,6.49,5.46,,8.28,7.33,7.41,6.80,6.59,7.00,5.12,2.45,6.00,5.57,6.09,6.12,2.55,2.66,2.90,2.82,2.52,6.56,6.83,2.61,5.42,5.64,6.59,6.80,6.73,5.28,5.42,5.54,5.49,6.78,5.69,6.70,5.88,6.84,6.91,6.91,5.62,2.46,,2.92,4.92,5.81,2.51,6.80,5.03,5.89,5.89,6.71,6.71,6.71,5.39,4.92
1969,7.45,5.06,7.66,7.39,3.82,3.06,3.30,3.05,2.89,2.49,5.19,3.58,6.69,6.95,3.28,2.26,2.27,6.32,6.71,,6.60,6.05,3.02,6.67,5.12,,5.81,2.27,6.59,7.24,6.95,6.57,6.16,2.33,,5.96,6.48,2.22,3.90,5.99,5.51,7.06,6.19,6.24,4.85,7.93,1.99,4.07,,2.69,1.87,2.00,6.77,,6.38,6.25,6.32,6.26,5.80,6.67,2.13,6.87,6.94,,4.71,1.93,2.62,5.12,5.02,6.18,2.75,2.21,6.96,,2.36,,4.69,4.53,6.66,6.23,6.02,5.52,5.85,7.33,3.45,2.04,2.99,5.65,5.52,6.53,7.38,3.83,,3.78,2.47,5.62,2.13,7.97,3.65,8.10,5.67,4.35,4.47,,7.28,5.21,5.97,1.88,5.06,5.81,6.66,8.09,,2.30,2.02,2.39,7.29,7.26,5.17,7.24,7.12,2.02,,6.79,4.21,6.68,6.94,2.61,,7.58,2.80,6.74,6.72,6.03,6.41,,5.93,2.75,4.59,3.27,6.90,7.56,6.43,3.27,,2.70,7.29,6.60,,5.28,6.19,5.89,6.42,6.38,2.20,3.12,3.25,6.95,3.19,1.97,8.22,7.27,,6.44,7.27,7.26,,,6.47,3.22,,2.43,2.24,6.78,7.21,5.73,6.87,2.86,4.48,,6.25,,6.19,6.88,5.79,1.93,2.19,7.57,7.03,6.78,5.76,5.72,7.03,6.15,3.66,6.80,5.70,6.48,,,7.12,2.04,6.71,2.51,2.46,2.87,6.38,6.35,5.47,6.49,5.33,,8.33,7.35,7.42,6.81,6.62,6.97,4.99,2.36,5.95,5.44,5.93,5.96,2.49,2.61,2.86,2.79,2.44,6.56,6.85,2.56,5.32,5.55,6.60,6.80,6.74,5.14,5.32,5.44,5.39,6.78,5.60,6.72,5.85,6.79,6.85,6.85,5.53,2.44,,2.88,4.91,5.70,2.47,6.82,4.98,5.85,5.85,6.73,6.73,6.73,5.25,4.86
1970,7.45,4.91,7.64,7.43,3.68,3.08,3.20,2.91,2.86,2.29,5.02,3.54,6.50,6.95,3.11,2.31,2.25,6.30,6.75,,6.60,6.00,2.93,6.65,4.97,,5.72,2.17,6.62,7.25,6.94,6.47,6.20,2.26,,5.96,6.53,2.12,3.78,5.73,5.28,7.06,6.22,6.27,4.60,7.94,1.98,3.94,,2.61,1.92,1.95,6.80,,6.18,6.14,6.23,6.17,5.81,6.65,2.17,6.87,6.98,3.40,4.54,1.83,2.55,5.06,5.08,6.19,2.71,2.03,6.95,,2.40,,4.60,4.37,6.64,6.24,6.04,5.38,5.76,7.27,3.28,1.98,2.81,5.59,5.47,6.44,7.36,3.85,,3.78,2.38,5.48,2.14,7.93,3.61,8.08,5.46,4.32,4.53,,7.17,5.18,5.97,1.96,4.95,5.81,6.70,8.13,,2.40,1.97,2.17,7.27,7.30,5.01,7.23,7.13,2.03,,6.78,3.95,6.61,6.94,2.58,,7.57,2.74,6.65,6.72,5.96,6.47,,5.92,2.57,4.30,3.16,6.86,7.57,6.47,3.16,,2.50,7.31,6.60,,5.17,6.16,5.74,6.32,6.26,2.20,3.01,3.15,6.91,2.89,1.99,8.23,7.19,,6.47,7.28,7.26,,,6.50,3.07,,2.41,2.23,6.91,7.18,5.67,6.88,2.84,4.34,,6.10,,6.01,6.89,5.65,1.92,2.10,7.57,7.00,6.77,5.60,5.66,7.08,5.94,3.55,6.71,5.62,6.40,,,7.12,2.09,6.66,2.44,2.48,2.90,6.33,6.27,5.32,6.47,5.17,,8.39,7.37,7.42,6.81,6.65,6.92,4.86,2.29,5.90,5.27,5.72,5.75,2.39,2.56,2.85,2.78,2.35,6.56,6.86,2.53,5.19,5.45,6.62,6.80,6.74,4.97,5.21,5.33,5.28,6.78,5.50,6.74,5.81,6.73,6.79,6.79,5.42,2.46,,2.85,4.90,5.59,2.44,6.84,4.94,5.79,5.79,6.74,6.74,6.74,5.07,4.78
1971,7.45,4.78,7.62,7.47,3.52,3.11,3.11,2.79,2.96,2.20,4.85,3.51,6.30,6.94,2.95,2.31,2.21,6.29,6.79,,6.60,5.96,2.84,6.62,4.84,,5.62,2.10,6.66,7.26,6.91,6.33,6.25,2.14,,5.96,6.58,2.02,3.65,5.40,5.06,7.06,6.24,6.29,4.37,7.94,1.97,3.77,,2.55,2.00,2.04,6.82,,5.98,6.01,6.14,6.09,5.81,6.64,2.19,6.87,7.02,3.20,4.40,1.68,2.47,4.98,5.14,6.19,2.67,1.92,6.94,,2.32,,4.56,4.25,6.62,6.26,6.06,5.23,5.69,7.20,3.46,1.93,2.92,5.52,5.41,6.36,7.31,3.93,,3.77,2.40,5.31,2.16,7.88,3.59,8.05,5.27,4.21,4.54,,7.02,5.15,5.98,2.00,4.84,5.81,6.74,8.15,,2.41,1.95,1.98,7.25,7.35,4.88,7.20,7.14,2.06,,6.77,3.74,6.51,6.93,2.56,,7.55,2.68,6.55,6.71,5.88,6.52,,5.90,2.36,4.20,3.19,6.82,7.58,6.52,3.04,,2.49,7.35,6.60,,5.06,6.14,5.59,6.21,6.15,2.25,3.00,3.07,6.86,2.67,2.03,8.25,7.12,,6.49,7.29,7.26,2.30,,6.52,3.02,,2.43,2.22,7.04,7.15,5.60,6.89,2.90,4.21,,5.95,,5.83,6.90,5.50,1.96,2.04,7.57,6.94,6.77,5.40,5.58,7.14,5.76,3.48,6.59,5.53,6.32,,,7.11,2.12,6.58,2.41,2.27,2.94,6.26,6.20,5.17,6.42,4.98,,8.43,7.38,7.43,6.81,6.69,6.87,4.73,2.26,5.84,5.05,5.47,5.48,2.34,2.54,2.84,2.77,2.31,6.56,6.87,2.47,5.04,5.33,6.63,6.79,6.74,4.74,5.11,5.22,5.17,6.78,5.37,6.75,5.76,6.67,6.73,6.73,5.28,2.25,,2.78,4.89,5.50,2.37,6.86,4.89,5.74,5.74,6.76,6.76,6.76,4.85,4.67
1972,7.45,4.64,7.60,7.49,3.33,3.15,3.04,2.69,2.74,2.08,4.68,3.47,6.09,6.93,2.79,2.28,2.09,6.28,6.82,,6.61,5.92,2.76,6.58,4.71,,5.50,2.03,6.70,7.27,6.89,6.18,6.29,1.98,,5.95,6.64,1.92,3.53,5.04,4.86,7.06,6.28,6.31,4.18,7.94,1.97,3.58,,2.49,2.09,2.03,6.83,5.50,5.78,5.87,6.06,6.00,5.81,6.62,2.13,6.87,7.06,3.30,4.28,1.58,2.38,4.89,5.21,6.21,2.62,1.71,6.92,,2.32,,4.54,4.14,6.60,6.28,6.08,5.06,5.64,7.11,3.32,1.93,3.09,5.44,5.34,6.29,7.23,3.84,,3.77,2.35,5.11,2.14,7.82,3.57,8.01,5.13,4.05,4.12,,6.84,5.11,5.99,2.00,4.73,5.80,6.78,8.14,,2.34,1.75,1.82,7.22,7.39,4.76,7.16,7.15,2.01,,6.76,3.58,6.38,6.89,2.54,,7.50,2.62,6.46,6.69,5.79,6.56,,5.88,2.15,4.10,3.00,6.77,7.60,6.58,2.93,,2.38,7.41,6.61,,4.94,6.11,5.46,6.09,6.04,2.24,2.86,3.01,6.78,2.55,2.04,8.28,7.04,,6.51,7.30,7.26,,,6.55,3.04,,2.49,2.21,7.15,7.12,5.53,6.90,2.87,4.08,3.50,5.81,,5.63,6.91,5.34,1.91,1.91,7.56,6.85,6.76,5.18,5.49,7.18,5.62,3.43,6.47,5.43,6.24,,,7.11,2.08,6.48,2.20,2.01,2.97,6.19,6.13,5.04,6.35,4.76,,8.47,7.39,7.43,6.81,6.72,6.82,4.58,2.23,5.78,4.79,5.17,5.19,2.24,2.48,2.83,2.76,2.22,6.55,6.88,2.33,4.88,5.19,6.65,6.78,6.74,4.51,5.00,5.11,5.07,6.77,5.24,6.75,5.71,6.61,6.66,6.66,5.14,2.01,,2.65,4.87,5.41,2.23,6.88,4.83,5.67,5.67,6.77,6.77,6.77,4.63,4.54
1973,7.45,4.51,7.56,7.50,3.12,3.20,2.96,2.61,2.49,1.94,4.51,3.41,5.90,6.90,2.65,2.25,1.95,6.29,6.86,,6.61,5.88,2.67,6.55,4.60,,5.36,2.15,6.74,7.29,6.86,6.00,6.33,1.89,,5.94,6.69,1.82,3.41,4.64,4.68,7.06,6.31,6.32,4.02,7.94,1.96,3.35,,2.44,2.31,1.92,6.82,,5.58,5.73,5.97,5.91,5.80,6.62,2.06,6.85,7.09,3.20,4.18,1.49,2.28,4.79,5.28,6.24,2.58,1.54,6.89,,2.27,,4.51,4.03,6.58,6.31,6.10,4.88,5.62,7.03,3.18,1.93,2.94,5.36,5.25,6.24,7.15,3.71,,3.70,2.30,4.90,2.14,7.75,3.54,7.96,5.03,3.85,4.07,,6.63,5.05,6.01,1.98,4.63,5.80,6.82,8.10,,2.22,1.58,1.68,7.19,7.43,4.64,7.10,7.15,1.65,,6.74,3.44,6.23,6.84,2.52,,7.41,2.57,6.36,6.67,5.69,6.59,,5.87,1.90,3.90,2.70,6.71,7.62,6.63,2.83,,2.23,7.50,6.61,,4.81,6.08,5.35,5.97,5.93,2.26,2.77,2.96,6.69,2.44,2.01,8.31,6.95,,6.53,7.31,7.26,,,6.57,2.79,,2.56,2.21,7.22,7.09,5.44,6.91,2.84,3.97,,5.69,,5.42,6.92,5.15,1.87,1.81,7.54,6.71,6.76,4.95,5.39,7.22,5.51,3.39,6.33,5.32,6.14,,,7.10,2.04,6.37,2.04,1.88,2.99,6.09,6.07,4.91,6.25,4.53,,8.50,7.39,7.44,6.81,6.76,6.76,4.43,2.25,5.71,4.52,4.85,4.87,2.13,2.42,2.79,2.73,2.15,6.54,6.89,2.24,4.71,5.05,6.66,6.77,6.74,4.25,4.89,5.00,4.96,6.76,5.08,6.74,5.65,6.55,6.59,6.59,4.97,1.88,,2.56,4.83,5.33,2.15,6.90,4.76,5.60,5.60,6.79,6.79,6.79,4.37,4.41
1974,7.45,4.37,7.51,7.50,2.91,3.25,2.88,2.55,2.40,1.91,4.34,3.33,5.72,6.87,2.51,2.21,1.83,6.29,6.90,,6.62,5.84,2.58,6.51,4.50,,5.18,2.29,6.80,7.31,6.82,5.83,6.37,1.84,,5.94,6.74,1.74,3.29,4.24,4.53,7.05,6.34,6.32,3.90,7.93,1.95,3.09,,2.39,2.46,1.90,6.80,,5.39,5.58,5.90,5.82,5.80,6.61,2.07,6.84,7.12,3.10,4.11,1.61,2.18,4.67,5.34,6.27,2.53,1.51,6.86,,2.38,,4.48,3.92,6.56,6.34,6.12,4.69,5.61,6.94,2.97,2.27,2.66,5.28,5.15,6.21,7.07,3.59,,3.63,2.28,4.69,2.05,7.68,3.49,7.91,4.99,3.63,3.77,,6.40,4.97,6.03,1.97,4.53,5.78,6.85,8.05,,2.21,1.58,1.56,7.15,7.48,4.53,7.04,7.15,1.64,,6.71,3.34,6.06,6.77,2.50,,7.29,2.51,6.26,6.65,5.58,6.59,,5.85,1.77,3.80,2.57,6.65,7.64,6.67,2.74,,2.13,7.62,6.61,,4.68,6.04,5.27,5.84,5.82,2.26,2.70,2.91,6.58,2.71,2.00,8.34,6.86,,6.53,7.31,7.25,,,6.59,2.35,,2.61,2.20,7.25,7.06,5.35,6.92,2.88,3.87,,5.57,,5.20,6.93,4.95,1.87,1.73,7.51,6.55,6.76,4.72,5.29,7.25,5.45,3.35,6.19,5.19,6.04,,,7.10,2.04,6.25,1.92,1.84,3.00,5.97,6.00,4.79,6.13,4.29,,8.53,7.38,7.44,6.80,6.79,6.71,4.28,2.36,5.63,4.23,4.53,4.54,2.10,2.40,2.79,2.73,2.16,6.53,6.90,2.19,4.53,4.90,6.66,6.75,6.73,4.00,4.79,4.90,4.86,6.75,4.93,6.73,5.58,6.49,6.53,6.53,4.81,1.84,,2.50,4.82,5.26,2.09,6.91,4.70,5.53,5.53,6.79,6.79,6.79,4.12,4.29
1975,7.45,4.24,7.43,7.49,2.70,3.30,2.79,2.51,2.15,1.83,4.18,3.23,5.56,6.82,2.39,2.17,1.74,6.28,6.93,,6.62,5.79,2.49,6.47,4.42,,4.99,2.23,6.86,7.33,6.77,5.68,6.41,1.82,,5.93,6.78,1.66,3.18,3.86,4.40,7.05,6.38,6.32,3.80,7.91,1.94,2.82,,2.35,2.43,1.92,6.77,,5.20,5.43,5.83,5.72,5.79,6.61,2.04,6.82,7.14,2.90,4.05,1.68,2.09,4.55,5.41,6.31,2.49,1.45,6.82,,2.33,2.35,4.44,3.80,6.54,6.37,6.15,4.50,5.64,6.84,2.67,2.35,2.65,5.19,5.04,6.21,6.99,3.37,,3.55,2.17,4.48,1.91,7.60,3.43,7.84,4.98,3.40,3.43,,6.18,4.88,6.06,1.96,4.44,5.76,6.88,7.97,,2.18,1.55,1.48,7.10,7.52,4.43,6.98,7.15,2.27,,6.68,3.26,5.87,6.68,2.48,,7.14,2.45,6.16,6.62,5.46,6.58,,5.84,1.66,3.70,2.33,6.57,7.67,6.71,2.66,,1.98,7.75,6.61,,4.54,6.00,5.22,5.71,5.72,2.27,2.75,2.86,6.46,2.59,1.98,8.37,6.76,,6.53,7.31,7.25,,,6.61,2.07,,2.55,2.20,7.24,7.03,5.27,6.92,2.77,3.78,,5.46,,4.97,6.94,4.73,1.77,1.61,7.47,6.38,6.75,4.49,5.19,7.28,5.43,3.31,6.04,5.06,5.93,,,7.10,2.02,6.11,1.81,1.77,2.98,5.84,5.93,4.69,5.97,4.05,,8.55,7.36,7.43,6.79,6.81,6.65,4.13,2.34,5.55,3.93,4.22,4.23,2.02,2.35,2.75,2.69,2.10,6.52,6.90,2.10,4.35,4.75,6.66,6.73,6.71,3.74,4.69,4.80,4.77,6.74,4.78,6.72,5.52,6.44,6.48,6.48,4.65,1.78,,2.41,4.82,5.20,2.00,6.92,4.66,5.46,5.46,6.80,6.80,6.80,3.87,4.16
1976,7.45,4.10,7.34,7.49,2.52,3.34,2.71,2.47,2.06,1.69,4.02,3.14,5.42,6.76,2.29,2.12,1.73,6.25,6.96,,6.62,5.73,2.40,6.43,4.34,,4.78,2.24,6.92,7.36,6.71,5.59,6.45,1.80,,5.92,6.82,1.60,3.08,3.51,4.29,7.06,6.41,6.30,3.74,7.88,1.93,2.56,,2.32,2.39,1.75,6.73,,5.02,5.28,5.78,5.61,5.79,6.61,2.07,6.80,7.17,2.70,4.02,1.70,2.01,4.42,5.48,6.34,2.45,1.45,6.77,,2.35,2.26,4.39,3.68,6.51,6.40,6.19,4.33,5.70,6.75,2.48,2.23,2.52,5.11,4.93,6.24,6.92,3.29,,3.48,2.04,4.29,1.85,7.52,3.36,7.77,5.00,3.20,3.00,,5.96,4.77,6.10,1.93,4.35,5.74,6.91,7.87,,2.18,1.48,1.44,7.04,7.56,4.33,6.94,7.15,2.21,,6.64,3.17,5.66,6.59,2.47,,6.97,2.39,6.06,6.60,5.34,6.55,,5.82,1.63,3.60,2.27,6.50,7.70,6.74,2.61,,1.86,7.89,6.61,,4.40,5.95,5.20,5.58,5.61,2.30,2.82,2.82,6.33,2.54,1.97,8.40,6.66,,6.52,7.31,7.26,,4.50,6.63,2.11,,2.55,2.18,7.18,7.02,5.19,6.92,2.77,3.71,,5.35,,4.75,6.93,4.53,1.68,1.55,7.42,6.20,6.74,4.26,5.12,7.29,5.44,3.29,5.89,4.92,5.80,,,7.10,1.99,5.97,1.74,1.74,2.95,5.70,5.86,4.59,5.80,3.82,,8.58,7.32,7.39,6.78,6.83,6.59,3.99,2.32,5.47,3.67,3.93,3.94,1.98,2.31,2.72,2.67,2.06,6.51,6.91,2.05,4.19,4.61,6.65,6.71,6.69,3.51,4.59,4.69,4.67,6.72,4.64,6.71,5.45,6.39,6.43,6.43,4.50,1.74,,2.34,4.81,5.16,1.94,6.93,4.62,5.38,5.38,6.80,6.80,6.80,3.64,4.04
1977,7.45,3.97,7.23,7.48,2.36,3.36,2.64,2.45,2.01,1.63,3.87,3.06,5.29,6.68,2.20,2.08,1.71,6.20,6.98,,6.61,5.67,2.32,6.39,4.27,,4.58,2.21,6.98,7.38,6.65,5.56,6.49,1.78,,5.91,6.86,1.55,2.98,3.20,4.18,7.06,6.44,6.26,3.69,7.83,1.91,2.33,,2.31,2.34,1.66,6.69,,4.84,5.13,5.73,5.49,5.80,6.62,2.06,6.78,7.20,2.70,3.99,1.68,1.94,4.30,5.54,6.37,2.41,1.40,6.72,,2.27,2.35,4.34,3.56,6.48,6.43,6.25,4.17,5.78,6.65,2.38,2.15,2.31,5.03,4.81,6.29,6.83,3.24,,3.41,1.93,4.12,1.80,7.46,3.28,7.70,5.03,3.03,2.99,,5.77,4.66,6.14,1.89,4.26,5.71,6.93,7.74,,2.14,1.50,1.45,6.98,7.59,4.25,6.94,7.15,2.14,,6.60,3.07,5.45,6.49,2.46,,6.78,2.34,5.97,6.57,5.23,6.51,,5.80,1.58,3.43,2.23,6.41,7.74,6.76,2.56,,1.75,8.02,6.60,,4.26,5.90,5.19,5.44,5.51,2.23,2.69,2.77,6.20,2.57,1.95,8.43,6.55,,6.50,7.30,7.27,,,6.64,1.82,,2.49,2.17,7.10,7.00,5.12,6.91,2.65,3.63,,5.22,,4.54,6.92,4.33,1.64,1.53,7.36,6.03,6.73,4.03,5.09,7.29,5.47,3.27,5.73,4.79,5.65,,,7.10,1.94,5.84,1.69,1.79,2.91,5.55,5.79,4.49,5.61,3.61,,8.61,7.28,7.31,6.76,6.85,6.53,3.87,2.28,5.39,3.45,3.66,3.67,1.91,2.26,2.68,2.63,1.99,6.49,6.91,2.01,4.04,4.48,6.64,6.69,6.67,3.30,4.49,4.59,4.58,6.70,4.50,6.71,5.38,6.35,6.39,6.39,4.36,1.79,,2.30,4.79,5.13,1.90,6.93,4.57,5.31,5.31,6.80,6.80,6.80,3.43,3.94
1978,7.45,3.84,7.11,7.47,2.24,3.36,2.58,2.43,1.95,1.60,3.73,3.01,5.16,6.59,2.12,2.06,1.69,6.11,7.00,,6.58,5.61,2.24,6.35,4.20,,4.39,2.15,7.04,7.39,6.56,5.60,6.54,1.77,,5.90,6.89,1.51,2.89,2.94,4.07,7.07,6.48,6.21,3.65,7.76,1.90,2.14,,2.31,2.33,1.67,6.64,,4.68,4.99,5.69,5.37,5.80,6.64,2.02,6.77,7.23,2.60,3.97,1.64,1.89,4.19,5.60,6.39,2.37,1.38,6.67,,2.28,2.20,4.30,3.45,6.44,6.47,6.32,4.03,5.87,6.54,2.27,2.06,2.35,4.96,4.68,6.35,6.75,3.21,,3.35,1.84,3.97,1.79,7.39,3.22,7.62,5.06,2.90,2.64,,5.60,4.55,6.19,1.87,4.17,5.67,6.95,7.58,,2.08,1.48,1.50,6.90,7.62,4.18,6.96,7.15,2.05,,6.55,2.95,5.23,6.40,2.45,,6.59,2.30,5.88,6.54,5.12,6.47,,5.78,1.58,3.43,2.07,6.33,7.78,6.77,2.53,,1.77,8.14,6.58,,4.13,5.84,5.19,5.31,5.40,2.21,2.45,2.72,6.07,2.52,1.92,8.45,6.43,,6.47,7.28,7.28,,,6.66,1.79,,2.47,2.14,6.99,7.00,5.06,6.90,2.54,3.56,,5.06,,4.34,6.89,4.16,1.60,1.51,7.29,5.89,6.71,3.81,5.09,7.28,5.51,3.27,5.57,4.65,5.49,,,7.10,1.96,5.72,1.75,1.76,2.85,5.40,5.72,4.40,5.42,3.42,,8.64,7.22,7.20,6.75,6.86,6.47,3.76,2.25,5.32,3.25,3.44,3.45,1.85,2.22,2.65,2.60,1.94,6.48,6.91,1.97,3.90,4.37,6.62,6.66,6.65,3.11,4.39,4.49,4.48,6.68,4.39,6.71,5.32,6.32,6.35,6.35,4.23,1.76,,2.25,4.78,5.09,1.86,6.93,4.53,5.25,5.25,6.79,6.79,6.79,3.25,3.84
1979,7.45,3.73,6.96,7.46,2.16,3.34,2.54,2.41,1.91,1.60,3.61,2.99,5.04,6.48,2.06,2.05,1.69,5.99,7.02,,6.55,5.54,2.18,6.29,4.12,,4.22,2.16,7.09,7.39,6.47,5.71,6.58,1.75,,5.90,6.93,1.48,2.81,2.75,3.97,7.08,6.51,6.14,3.62,7.68,1.90,1.99,,2.33,2.27,1.60,6.60,,4.53,4.86,5.65,5.24,5.82,6.65,2.00,6.75,7.27,2.70,3.94,1.64,1.87,4.08,5.65,6.39,2.34,1.38,6.61,,2.26,2.19,4.27,3.34,6.40,6.50,6.40,3.92,5.97,6.43,2.12,2.01,2.49,4.89,4.56,6.42,6.66,3.21,,3.30,1.73,3.84,1.77,7.33,3.02,7.54,5.07,2.82,2.90,,5.45,4.45,6.23,1.87,4.07,5.63,6.96,7.41,,2.05,1.48,1.59,6.81,7.64,4.12,7.01,7.15,2.10,,6.50,2.82,5.02,6.31,2.46,,6.40,2.27,5.79,6.50,5.01,6.43,,5.76,1.56,3.43,2.12,6.23,7.81,6.78,2.51,,1.75,8.23,6.56,,4.00,5.77,5.18,5.17,5.29,2.28,2.31,2.66,5.94,2.49,1.90,8.46,6.32,,6.43,7.25,7.29,,,6.68,1.79,,2.45,2.11,6.87,7.00,5.02,6.87,2.37,3.49,,4.89,,4.15,6.85,4.02,1.66,1.52,7.20,5.77,6.69,3.59,5.14,7.25,5.54,3.28,5.41,4.53,5.33,,,7.10,1.96,5.60,1.86,1.81,2.79,5.25,5.65,4.30,5.23,3.26,,8.67,7.16,7.05,6.73,6.86,6.41,3.68,2.25,5.24,3.10,3.26,3.27,1.80,2.19,2.61,2.57,1.90,6.45,6.91,1.98,3.79,4.27,6.59,6.63,6.62,2.97,4.29,4.39,4.38,6.65,4.29,6.71,5.26,6.27,6.31,6.31,4.13,1.80,,2.24,4.77,5.04,1.87,6.92,4.50,5.18,5.18,6.79,6.79,6.79,3.11,3.77
1980,7.45,3.62,6.79,7.46,2.12,3.30,2.51,2.39,1.89,1.65,3.50,2.99,4.92,6.36,2.00,2.03,1.68,5.85,7.03,,6.51,5.47,2.12,6.21,4.04,,4.07,2.05,7.13,7.40,6.38,5.87,6.63,1.74,,5.90,6.96,1.45,2.74,2.61,3.86,7.08,6.54,6.06,3.58,7.59,1.89,1.90,,2.35,2.08,1.55,6.55,,4.38,4.73,5.61,5.10,5.84,6.67,2.02,6.72,7.32,2.50,3.91,1.63,1.85,3.99,5.68,6.38,2.31,1.44,6.54,,2.23,2.44,4.25,3.25,6.34,6.53,6.49,3.82,6.06,6.31,2.05,1.91,2.48,4.83,4.43,6.48,6.57,3.21,,3.24,1.64,3.73,1.75,7.26,2.90,7.46,5.07,2.77,2.82,,5.32,4.37,6.28,1.86,3.98,5.58,6.97,7.22,,1.99,1.50,1.71,6.73,7.64,4.07,7.08,7.15,1.99,,6.44,2.67,4.82,6.22,2.48,,6.21,2.24,5.69,6.47,4.89,6.37,,5.73,1.60,3.42,2.03,6.14,7.84,6.78,2.49,,1.72,8.30,6.53,,3.88,5.69,5.17,5.04,5.18,2.28,2.25,2.61,5.81,2.43,1.89,8.46,6.20,,6.39,7.21,7.29,,,6.69,1.82,,2.32,2.06,6.75,7.01,4.98,6.85,2.22,3.41,,4.70,,3.99,6.80,3.90,1.68,1.55,7.09,5.69,6.65,3.39,5.22,7.22,5.55,3.28,5.24,4.41,5.17,,,7.10,1.95,5.51,1.90,1.84,2.73,5.11,5.58,4.20,5.05,3.14,,8.71,7.09,6.87,6.71,6.86,6.34,3.60,2.19,5.17,2.98,3.13,3.14,1.77,2.17,2.58,2.54,1.87,6.43,6.91,1.97,3.70,4.19,6.56,6.59,6.58,2.86,4.19,4.28,4.28,6.62,4.21,6.71,5.19,6.23,6.26,6.26,4.04,1.83,,2.22,4.77,4.99,1.86,6.91,4.47,5.12,5.12,6.77,6.77,6.77,3.00,3.71
1981,7.45,3.53,6.62,7.46,2.10,3.25,2.50,2.38,1.94,1.67,3.41,2.99,4.80,6.22,1.96,2.02,1.66,5.68,7.03,,6.46,5.41,2.08,6.12,3.94,,3.94,2.00,7.15,7.40,6.27,6.04,6.66,1.70,,5.90,6.99,1.44,2.69,2.55,3.74,7.07,6.56,5.96,3.55,7.49,1.88,1.85,,2.39,2.00,1.44,6.51,,4.25,4.61,5.57,4.96,5.86,6.68,2.07,6.66,7.36,2.50,3.86,1.64,1.85,3.92,5.71,6.35,2.30,1.43,6.47,,2.09,2.33,4.24,3.18,6.27,6.56,6.57,3.73,6.12,6.19,1.93,1.88,2.33,4.77,4.30,6.52,6.49,3.05,,3.19,1.58,3.64,1.74,7.18,2.95,7.37,5.05,2.75,2.57,4.58,5.18,4.30,6.32,1.88,3.89,5.52,6.97,7.02,,1.98,1.55,1.84,6.64,7.64,4.02,7.15,7.15,1.87,,6.39,2.53,4.64,6.13,2.51,,6.03,2.22,5.57,6.45,4.77,6.31,,5.69,1.56,3.64,2.01,6.03,7.87,6.78,2.47,,1.70,8.34,6.50,,3.78,5.61,5.16,4.92,5.08,2.24,2.13,2.55,5.66,2.36,1.91,8.44,6.09,,6.33,7.14,7.28,2.10,,6.70,1.78,,2.29,2.02,6.63,7.03,4.95,6.83,2.04,3.32,,4.51,,3.83,6.74,3.80,1.63,1.55,6.98,5.64,6.62,3.20,5.31,7.16,5.53,3.28,5.08,4.28,5.02,,,7.10,1.93,5.42,1.82,1.81,2.67,4.98,5.50,4.10,4.87,3.05,,8.75,7.02,6.66,6.69,6.85,6.26,3.53,2.15,5.09,2.91,3.05,3.05,1.73,2.13,2.56,2.52,1.82,6.40,6.89,1.92,3.63,4.12,6.52,6.55,6.54,2.80,4.09,4.18,4.17,6.58,4.14,6.70,5.12,6.17,6.20,6.20,3.97,1.80,,2.17,4.75,4.93,1.81,6.89,4.44,5.06,5.06,6.76,6.76,6.76,2.93,3.66
1982,7.45,3.45,6.43,7.46,2.10,3.20,2.50,2.36,1.93,1.66,3.34,2.99,4.69,6.06,1.92,2.05,1.61,5.51,7.02,,6.40,5.35,2.03,5.99,3.84,,3.84,2.01,7.17,7.40,6.17,6.19,6.69,1.69,,5.90,7.02,1.43,2.65,2.54,3.63,7.06,6.59,5.86,3.52,7.38,1.90,1.83,,2.42,2.00,1.43,6.47,3.52,4.12,4.50,5.52,4.82,5.88,6.69,2.07,6.57,7.40,2.30,3.81,1.71,1.86,3.86,5.72,6.32,2.28,1.41,6.39,,2.03,2.24,4.24,3.13,6.19,6.58,6.64,3.64,6.15,6.06,1.86,1.80,2.27,4.70,4.17,6.52,6.41,2.94,,3.13,1.56,3.56,1.77,7.07,3.00,7.27,5.02,2.73,2.39,4.88,5.02,4.24,6.35,1.97,3.80,5.45,6.96,6.83,,1.97,1.49,1.95,6.55,7.62,3.97,7.20,7.15,1.90,,6.34,2.41,4.46,6.02,2.55,,5.86,2.21,5.44,6.42,4.64,6.23,,5.65,1.50,3.42,1.95,5.90,7.88,6.77,2.45,,1.71,8.35,6.47,,3.68,5.52,5.13,4.80,4.98,2.34,2.07,2.49,5.50,2.17,2.04,8.41,5.97,,6.28,7.05,7.25,,3.50,6.72,1.74,,2.28,1.93,6.53,7.05,4.91,6.81,1.94,3.22,3.30,4.33,2.44,3.69,6.67,3.72,1.62,1.56,6.84,5.61,6.58,3.02,5.38,7.09,5.48,3.26,4.92,4.16,4.90,,,7.10,1.98,5.35,1.78,1.83,2.62,4.87,5.43,4.01,4.69,3.00,,8.79,6.95,6.45,6.66,6.84,6.17,3.47,2.14,5.02,2.87,3.00,3.01,1.70,2.14,2.61,2.57,1.80,6.37,6.88,1.91,3.59,4.08,6.48,6.50,6.49,2.78,3.99,4.07,4.07,6.54,4.10,6.70,5.06,6.10,6.13,6.13,3.93,1.81,,2.15,4.72,4.85,1.80,6.87,4.40,4.99,4.99,6.73,6.73,6.73,2.91,3.63
1983,7.45,3.38,6.24,7.46,2.10,3.16,2.52,2.35,1.92,1.56,3.29,2.96,4.58,5.88,1.89,2.11,1.57,5.34,7.01,,6.34,5.29,2.00,5.83,3.72,,3.75,2.01,7.17,7.41,6.07,6.30,6.70,1.68,,5.91,7.06,1.43,2.62,2.56,3.53,7.03,6.61,5.75,3.50,7.28,1.88,1.83,,2.44,1.97,1.38,6.43,,4.01,4.40,5.46,4.68,5.90,6.70,2.16,6.43,7.42,2.20,3.76,1.74,1.86,3.81,5.72,6.29,2.28,1.33,6.31,,1.94,2.05,4.25,3.10,6.09,6.60,6.69,3.55,6.15,5.93,1.72,1.75,2.24,4.64,4.03,6.48,6.34,2.74,,3.11,1.51,3.48,1.80,6.94,3.04,7.16,4.99,2.70,2.06,4.48,4.83,4.20,6.36,2.07,3.73,5.38,6.95,6.63,,2.10,1.43,2.05,6.48,7.59,3.93,7.22,7.15,1.92,,6.28,2.33,4.30,5.89,2.59,,5.70,2.19,5.29,6.40,4.50,6.14,,5.60,1.47,3.33,1.92,5.76,7.89,6.75,2.43,,1.66,8.34,6.44,,3.58,5.42,5.09,4.68,4.88,2.42,1.95,2.44,5.32,2.06,2.11,8.36,5.85,,6.22,6.93,7.19,,,6.72,1.61,,2.28,1.81,6.43,7.08,4.86,6.81,1.80,3.12,,4.16,2.40,3.56,6.61,3.64,1.61,1.52,6.70,5.60,6.54,2.86,5.44,7.01,5.39,3.22,4.75,4.02,4.79,,,7.10,2.08,5.28,1.77,1.80,2.57,4.76,5.36,3.93,4.52,2.97,,8.83,6.88,6.24,6.63,6.82,6.08,3.40,2.14,4.93,2.85,2.99,2.99,1.64,2.13,2.63,2.60,1.75,6.33,6.86,1.87,3.56,4.05,6.44,6.44,6.44,2.78,3.89,3.96,3.96,6.49,4.06,6.69,4.98,6.02,6.04,6.04,3.89,1.79,,2.10,4.71,4.78,1.77,6.84,4.37,4.92,4.92,6.71,6.71,6.71,2.90,3.59
1984,7.46,3.32,6.04,7.46,2.10,3.12,2.54,2.34,1.84,1.52,3.26,2.92,4.47,5.70,1.86,2.11,1.54,5.17,6.99,,6.26,5.24,1.96,5.65,3.60,,3.68,2.01,7.16,7.42,5.97,6.34,6.71,1.65,,5.91,7.09,1.43,2.60,2.61,3.43,6.98,6.64,5.64,3.48,7.18,1.87,1.84,,2.45,1.97,1.40,6.38,,3.90,4.29,5.38,4.55,5.93,6.69,2.17,6.27,7.44,2.20,3.69,1.69,1.86,3.77,5.71,6.26,2.28,1.29,6.22,,1.83,2.11,4.24,3.09,5.98,6.62,6.73,3.45,6.11,5.80,1.56,1.75,2.08,4.56,3.89,6.39,6.28,2.58,,3.08,1.46,3.39,1.81,6.77,3.08,7.04,4.95,2.65,1.74,4.82,4.61,4.16,6.37,2.09,3.67,5.30,6.92,6.44,,2.07,1.42,2.10,6.41,7.55,3.87,7.19,7.15,1.95,,6.23,2.16,4.16,5.75,2.62,,5.53,2.18,5.12,6.38,4.35,6.03,,5.55,1.49,3.17,1.93,5.61,7.88,6.73,2.40,,1.66,8.30,6.42,,3.49,5.31,5.04,4.57,4.80,2.37,1.90,2.39,5.13,2.26,2.06,8.28,5.73,,6.16,6.80,7.11,,,6.73,1.62,,2.26,1.74,6.35,7.11,4.79,6.81,1.73,3.01,,4.01,2.29,3.44,6.54,3.57,1.66,1.53,6.53,5.59,6.50,2.71,5.47,6.92,5.27,3.15,4.59,3.88,4.71,,,7.10,2.09,5.22,1.77,1.81,2.55,4.67,5.28,3.86,4.36,2.97,,8.85,6.81,6.03,6.60,6.79,5.98,3.32,2.16,4.84,2.84,2.98,2.99,1.60,2.11,2.61,2.58,1.73,6.29,6.83,1.85,3.52,4.01,6.39,6.37,6.38,2.78,3.79,3.86,3.86,6.42,4.02,6.67,4.90,5.91,5.94,5.94,3.85,1.79,,2.07,4.67,4.70,1.74,6.81,4.32,4.84,4.84,6.67,6.67,6.67,2.89,3.56
1985,7.46,3.27,5.84,7.45,2.09,3.10,2.56,2.33,1.92,1.47,2.91,2.86,4.36,5.50,1.83,2.09,1.51,5.02,6.97,,6.18,5.19,1.93,5.45,3.47,,3.61,1.97,7.14,7.43,5.88,6.31,6.70,1.67,,5.92,7.12,1.43,2.59,2.65,3.34,6.92,6.66,5.54,3.46,7.08,1.82,1.84,,2.46,1.95,1.45,6.33,,3.80,4.20,5.29,4.43,5.95,6.68,2.13,6.07,7.44,2.30,3.63,1.64,1.86,3.74,5.69,6.23,2.27,1.37,6.13,,1.67,2.24,4.23,3.10,5.87,6.63,6.74,3.35,6.03,5.67,1.49,1.85,1.93,4.48,3.75,6.24,6.22,2.48,,3.06,1.42,3.31,1.76,6.58,3.08,6.91,4.91,2.58,1.66,4.56,4.36,4.13,6.36,2.08,3.61,5.22,6.88,6.24,,2.08,1.38,2.12,6.35,7.48,3.82,7.11,7.15,1.95,,6.18,2.02,4.03,5.60,2.64,,5.35,2.16,4.93,6.35,4.19,5.90,,5.49,1.51,3.00,1.93,5.45,7.87,6.70,2.37,,1.68,8.22,6.39,,3.41,5.21,4.97,4.46,4.71,2.33,1.72,2.34,4.93,2.31,2.05,8.18,5.62,,6.10,6.65,7.01,,,6.73,1.61,,2.26,1.71,6.28,7.15,4.71,6.81,1.64,2.90,,3.89,2.24,3.33,6.47,3.51,1.74,1.52,6.36,5.57,6.47,2.57,5.47,6.81,5.13,3.06,4.43,3.74,4.65,,,7.10,2.06,5.14,1.79,1.84,2.53,4.59,5.21,3.79,4.21,2.97,,8.86,6.75,5.84,6.56,6.75,5.87,3.24,2.16,4.75,2.83,2.98,2.99,1.59,2.09,2.58,2.55,1.72,6.24,6.80,1.84,3.48,3.97,6.34,6.30,6.31,2.78,3.69,3.75,3.76,6.35,3.98,6.65,4.81,5.79,5.81,5.81,3.80,1.83,,2.05,4.61,4.63,1.74,6.78,4.26,4.76,4.76,6.64,6.64,6.64,2.89,3.54
1986,7.46,3.22,5.63,7.44,2.08,3.08,2.58,2.32,1.87,1.45,2.90,2.79,4.25,5.30,1.81,2.09,1.54,4.89,6.94,,6.08,5.14,1.90,5.25,3.34,,3.55,2.02,7.12,7.44,5.78,6.23,6.67,1.68,,5.91,7.16,1.44,2.59,2.67,3.27,6.84,6.68,5.44,3.44,6.98,1.76,1.84,,2.46,1.92,1.48,6.28,,3.70,4.10,5.18,4.32,5.96,6.66,2.18,5.86,7.42,2.40,3.57,1.60,1.85,3.70,5.65,6.20,2.27,1.43,6.03,,1.60,2.04,4.20,3.10,5.76,6.64,6.73,3.26,5.92,5.55,1.37,1.84,1.92,4.40,3.61,6.02,6.16,2.44,,3.03,1.35,3.22,1.72,6.38,3.14,6.76,4.87,2.50,1.58,4.47,4.07,4.10,6.34,2.12,3.56,5.13,6.82,6.02,,2.12,1.43,2.09,6.31,7.40,3.76,6.97,7.15,1.93,,6.13,1.99,3.90,5.45,2.65,,5.14,2.14,4.74,6.33,4.03,5.77,,5.43,1.55,3.17,1.96,5.28,7.85,6.66,2.34,,1.71,8.10,6.35,,3.34,5.11,4.90,4.35,4.63,2.22,1.66,2.31,4.72,2.39,2.15,8.04,5.51,,6.05,6.50,6.90,,,6.73,1.43,,2.20,1.67,6.21,7.19,4.59,6.82,1.56,2.80,,3.78,2.06,3.23,6.40,3.45,1.80,1.53,6.17,5.54,6.42,2.45,5.46,6.69,4.99,2.95,4.25,3.60,4.60,,,7.10,2.08,5.05,1.78,1.84,2.52,4.51,5.14,3.73,4.06,2.99,,8.86,6.69,5.64,6.51,6.71,5.74,3.16,2.14,4.65,2.80,2.96,2.97,1.58,2.10,2.62,2.57,1.71,6.19,6.77,1.82,3.44,3.92,6.29,6.22,6.24,2.77,3.59,3.65,3.66,6.28,3.93,6.62,4.72,5.64,5.65,5.65,3.75,1.82,,2.03,4.57,4.56,1.72,6.75,4.20,4.67,4.67,6.59,6.59,6.59,2.88,3.50
1987,7.46,3.16,5.41,7.41,2.07,3.06,2.59,2.31,1.85,1.43,2.90,2.73,4.12,5.09,1.78,2.03,1.54,4.77,6.90,,5.96,5.09,1.87,5.04,3.22,,3.49,1.96,7.09,7.45,5.70,6.10,6.63,1.68,,5.90,7.20,1.44,2.59,2.64,3.21,6.75,6.70,5.35,3.41,6.89,1.64,1.82,,2.45,1.91,1.50,6.23,3.00,3.62,4.01,5.05,4.22,5.97,6.63,2.27,5.65,7.39,2.40,3.51,1.59,1.83,3.65,5.61,6.17,2.26,1.43,5.93,,1.50,2.08,4.15,3.10,5.66,6.64,6.72,3.19,5.80,5.43,1.31,1.82,2.06,4.31,3.47,5.75,6.11,2.32,,3.01,1.33,3.14,1.69,6.16,3.19,6.60,4.83,2.43,1.53,4.43,3.78,4.07,6.31,2.15,3.52,5.03,6.75,5.79,,2.11,1.40,2.03,6.27,7.29,3.70,6.78,7.16,1.97,5.90,6.07,2.05,3.79,5.30,2.63,,4.91,2.12,4.55,6.31,3.87,5.63,,5.37,1.56,3.25,2.03,5.10,7.82,6.63,2.30,,1.74,7.93,6.32,,3.26,5.02,4.82,4.25,4.55,2.15,1.62,2.28,4.52,2.38,2.22,7.86,5.40,,5.99,6.34,6.79,,3.00,6.73,1.62,,2.14,1.65,6.14,7.24,4.46,6.82,1.49,2.70,2.80,3.68,2.13,3.14,6.34,3.39,1.84,1.52,5.96,5.50,6.38,2.35,5.44,6.57,4.86,2.83,4.07,3.46,4.56,,,7.10,2.05,4.93,1.81,1.87,2.52,4.50,5.08,3.67,3.93,3.00,,8.83,6.62,5.45,6.45,6.67,5.61,3.07,2.10,4.55,2.76,2.91,2.92,1.56,2.09,2.63,2.57,1.68,6.14,6.73,1.81,3.38,3.86,6.24,6.13,6.16,2.74,3.50,3.55,3.56,6.20,3.87,6.59,4.62,5.46,5.48,5.48,3.69,1.85,,2.01,4.53,4.50,1.72,6.71,4.16,4.58,4.58,6.54,6.54,6.54,2.85,3.46
1988,7.46,3.11,5.19,7.37,2.07,3.04,2.59,2.29,1.83,1.45,2.80,2.68,4.00,4.89,1.77,2.03,1.57,4.67,6.86,,5.82,5.03,1.84,4.84,3.10,,3.43,1.97,7.06,7.44,5.60,5.94,6.57,1.68,,5.88,7.24,1.46,2.59,2.58,3.16,6.64,6.72,5.26,3.37,6.80,1.79,1.80,,2.44,1.94,1.56,6.19,,3.54,3.92,4.91,4.13,5.98,6.60,2.27,5.45,7.35,2.60,3.47,1.69,1.81,3.58,5.56,6.14,2.24,1.46,5.82,,1.50,2.32,4.07,3.08,5.57,6.63,6.69,3.13,5.67,5.32,1.40,1.81,2.26,4.22,3.35,5.43,6.04,2.17,,2.95,1.36,3.07,1.66,5.94,3.13,6.43,4.78,2.37,1.55,4.26,3.48,4.02,6.27,2.11,3.48,4.93,6.67,5.53,,2.02,1.51,1.94,6.24,7.16,3.65,6.56,7.16,2.06,,6.01,2.14,3.68,5.17,2.58,,4.64,2.10,4.37,6.28,3.71,5.49,,5.31,1.55,3.10,2.10,4.93,7.80,6.58,2.27,,1.84,7.72,6.28,,3.19,4.93,4.73,4.14,4.48,2.13,1.61,2.26,4.33,2.30,2.12,7.66,5.30,,5.94,6.19,6.67,,,6.73,1.96,,2.13,1.63,6.06,7.29,4.31,6.81,1.45,2.62,,3.59,2.13,3.07,6.27,3.35,1.96,1.57,5.75,5.43,6.33,2.26,5.44,6.44,4.76,2.70,3.88,3.33,4.50,,,7.10,2.02,4.80,1.82,1.93,2.53,4.28,5.02,3.60,3.80,3.00,,8.79,6.56,5.25,6.38,6.62,5.47,3.00,2.08,4.44,2.69,2.83,2.84,1.56,2.06,2.55,2.50,1.69,6.08,6.69,1.83,3.29,3.78,6.16,6.04,6.08,2.66,3.42,3.46,3.47,6.11,3.79,6.56,4.52,5.28,5.29,5.29,3.61,1.91,,2.01,4.50,4.45,1.74,6.67,4.12,4.48,4.48,6.48,6.48,6.48,2.77,3.40
1989,7.46,3.05,4.96,7.33,2.06,3.02,2.58,2.27,1.84,1.45,2.80,2.66,3.87,4.69,1.75,2.03,1.58,4.58,6.81,,5.66,4.96,1.80,4.65,3.00,,3.36,1.90,7.04,7.43,5.50,5.78,6.51,1.77,,5.85,7.28,1.47,2.59,2.46,3.12,6.53,6.73,5.19,3.32,6.71,1.63,1.76,,2.43,1.87,1.62,6.14,,3.48,3.83,4.75,4.04,5.99,6.55,2.22,5.27,7.30,2.70,3.43,1.71,1.79,3.50,5.51,6.12,2.22,1.42,5.71,,1.40,2.30,3.97,3.05,5.50,6.62,6.66,3.09,5.55,5.22,1.30,1.82,2.19,4.13,3.23,5.07,5.97,2.08,,2.89,1.33,3.00,1.57,5.73,2.82,6.24,4.74,2.32,1.56,3.92,3.21,3.88,6.22,2.05,3.43,4.83,6.59,5.26,,1.98,1.52,1.84,6.21,7.02,3.60,6.30,7.16,2.10,,5.95,2.23,3.57,5.05,2.51,,4.36,2.09,4.21,6.25,3.57,5.35,,5.24,1.55,2.97,2.12,4.76,7.79,6.54,2.24,,1.89,7.46,6.23,,3.12,4.86,4.64,4.03,4.40,2.08,1.57,2.24,4.16,2.22,2.01,7.43,5.21,,5.88,6.05,6.56,,,6.73,1.75,,2.07,1.52,5.96,7.34,4.14,6.79,1.40,2.54,,3.50,2.20,3.01,6.21,3.30,2.01,1.56,5.53,5.34,6.27,2.18,5.45,6.31,4.69,2.57,3.68,3.21,4.44,,,7.10,1.92,4.64,1.79,2.01,2.53,4.18,4.97,3.52,3.68,2.99,,8.71,6.50,5.06,6.31,6.57,5.32,2.93,2.02,4.33,2.59,2.72,2.73,1.53,2.00,2.45,2.41,1.65,6.03,6.64,1.83,3.19,3.68,6.09,5.95,6.00,2.56,3.33,3.37,3.39,6.03,3.69,6.52,4.41,5.07,5.08,5.08,3.50,1.99,,2.00,4.45,4.40,1.73,6.62,4.07,4.39,4.39,6.41,6.41,6.41,2.67,3.32
1990,7.47,2.98,4.73,7.27,2.07,3.00,2.54,2.25,1.90,1.46,2.74,2.64,3.73,4.50,1.74,1.91,1.62,4.51,6.74,,5.49,4.89,1.77,4.49,2.90,,3.29,1.82,7.01,7.41,5.39,5.60,6.44,1.83,,5.81,7.31,1.48,2.58,2.31,3.08,6.41,6.75,5.12,3.26,6.62,1.63,1.71,,2.41,1.90,1.67,6.07,,3.41,3.74,4.58,3.96,5.99,6.50,2.05,5.11,7.25,2.80,3.40,1.78,1.77,3.40,5.44,6.10,2.18,1.45,5.60,,1.39,2.44,3.84,3.01,5.44,6.60,6.63,3.07,5.43,5.12,1.27,1.87,2.30,4.05,3.12,4.69,5.88,2.11,,2.82,1.33,2.95,1.54,5.52,2.72,6.07,4.69,2.29,1.57,3.90,2.97,3.63,6.15,2.02,3.37,4.72,6.50,4.97,,2.03,1.60,1.72,6.18,6.87,3.55,6.00,7.17,2.02,,5.88,2.32,3.47,4.96,2.41,,4.05,2.08,4.05,6.21,3.45,5.22,,5.17,1.62,3.18,2.18,4.60,7.77,6.49,2.21,,1.93,7.17,6.16,2.84,3.06,4.80,4.55,3.91,4.32,2.06,1.56,2.22,4.01,1.83,1.89,7.18,5.12,,5.83,5.91,6.45,,,6.72,1.83,,2.09,1.46,5.85,7.40,3.96,6.76,1.36,2.48,,3.40,2.12,2.96,6.15,3.27,2.13,1.58,5.31,5.23,6.21,2.11,5.48,6.19,4.64,2.45,3.48,3.11,4.34,,,7.09,1.85,4.45,1.83,2.08,2.52,4.07,4.93,3.45,3.55,2.95,6.72,8.61,6.44,4.86,6.23,6.52,5.19,2.87,1.93,4.23,2.47,2.59,2.59,1.53,1.96,2.34,2.31,1.63,5.97,6.59,1.85,3.08,3.58,6.02,5.86,5.91,2.43,3.26,3.29,3.31,5.94,3.59,6.48,4.31,4.88,4.87,4.86,3.39,2.06,,2.01,4.39,4.36,1.75,6.57,4.01,4.30,4.30,6.35,6.35,6.35,2.54,3.25
1991,7.48,2.91,4.48,7.21,2.08,2.97,2.48,2.22,1.85,1.51,2.87,2.63,3.60,4.32,1.73,1.81,1.66,4.44,6.68,,5.31,4.81,1.75,4.33,2.82,,3.21,1.66,6.98,7.37,5.26,5.42,6.35,1.70,,5.77,7.35,1.50,2.56,2.14,3.05,6.29,6.76,5.06,3.19,6.54,1.53,1.67,,2.38,1.86,1.68,5.99,,3.35,3.67,4.41,3.89,5.99,6.42,1.80,4.96,7.19,2.60,3.37,1.79,1.75,3.29,5.37,6.08,2.13,1.33,5.50,,1.37,2.42,3.70,2.97,5.38,6.57,6.58,3.06,5.32,5.04,1.28,1.87,2.18,3.96,3.02,4.30,5.79,2.08,,2.76,1.30,2.90,1.53,5.33,2.61,5.90,4.64,2.26,1.71,3.59,2.79,3.58,6.05,1.86,3.31,4.61,6.42,4.67,,2.01,1.60,1.61,6.15,6.73,3.51,5.68,7.16,1.99,,5.82,2.30,3.37,4.88,2.31,,3.75,2.06,3.90,6.17,3.34,5.09,,5.10,1.61,3.15,2.16,4.43,7.76,6.44,2.17,,1.92,6.83,6.09,,3.00,4.76,4.46,3.79,4.25,2.07,1.56,2.20,3.89,1.59,1.73,6.94,5.03,,5.77,5.76,6.35,1.80,,6.71,1.73,,2.05,1.42,5.73,7.46,3.78,6.73,1.33,2.43,,3.30,2.05,2.91,6.09,3.23,2.11,1.58,5.11,5.10,6.15,2.06,5.52,6.07,4.61,2.34,3.28,3.02,4.22,,,7.08,1.78,4.25,1.82,2.06,2.51,4.20,4.88,3.37,3.42,2.90,6.67,8.46,6.38,4.68,6.15,6.47,5.04,2.81,1.86,4.12,2.35,2.44,2.44,1.49,1.89,2.23,2.21,1.58,5.92,6.54,1.83,2.95,3.47,5.96,5.77,5.83,2.29,3.18,3.22,3.24,5.86,3.48,6.45,4.21,4.66,4.65,4.64,3.28,2.03,,1.99,4.30,4.31,1.72,6.52,3.93,4.21,4.21,6.28,6.28,6.28,2.40,3.16
1992,7.50,2.83,4.22,7.14,2.09,2.93,2.40,2.19,1.89,1.51,2.74,2.62,3.47,4.15,1.73,1.76,1.65,4.36,6.60,,5.11,4.73,1.73,4.18,2.75,,3.11,1.55,6.95,7.33,5.10,5.24,6.26,1.71,,5.73,7.38,1.52,2.53,1.98,3.01,6.17,6.77,5.02,3.11,6.45,1.48,1.63,,2.34,1.71,1.76,5.87,2.50,3.29,3.59,4.25,3.82,5.98,6.33,1.71,4.83,7.14,2.50,3.35,1.85,1.74,3.18,5.29,6.06,2.08,1.29,5.40,,1.36,2.61,3.55,2.93,5.32,6.54,6.53,3.07,5.21,4.96,1.35,1.77,2.21,3.88,2.93,3.92,5.70,1.99,,2.70,1.30,2.86,1.50,5.14,2.50,5.76,4.58,2.24,1.76,2.97,2.68,3.52,5.93,1.73,3.23,4.51,6.34,4.38,,1.97,1.64,1.49,6.12,6.60,3.47,5.33,7.15,2.07,,5.76,2.37,3.27,4.82,2.20,,3.45,2.05,3.75,6.12,3.24,4.96,,5.02,1.59,2.99,2.12,4.27,7.75,6.40,2.13,,1.88,6.47,6.01,,2.95,4.72,4.37,3.67,4.18,1.95,1.54,2.18,3.80,1.51,1.55,6.71,4.96,,5.70,5.59,6.25,,2.70,6.70,1.72,2.03,1.93,1.33,5.60,7.51,3.61,6.69,1.31,2.39,2.60,3.20,1.94,2.86,6.03,3.20,2.09,1.58,4.92,4.97,6.08,2.00,5.56,5.96,4.58,2.23,3.09,2.94,4.07,,,7.07,1.67,4.04,1.79,2.05,2.49,4.00,4.84,3.29,3.26,2.81,6.61,8.27,6.33,4.50,6.07,6.41,4.90,2.77,1.75,4.02,2.22,2.30,2.30,1.47,1.82,2.11,2.09,1.54,5.86,6.49,1.80,2.84,3.36,5.87,5.69,5.75,2.15,3.12,3.14,3.16,5.78,3.37,6.41,4.11,4.47,4.43,4.42,3.16,2.01,,1.96,4.23,4.27,1.70,6.47,3.87,4.13,4.13,6.21,6.21,6.21,2.27,3.07
1993,7.54,2.75,3.96,7.07,2.11,2.88,2.30,2.15,1.86,1.50,2.70,2.60,3.35,3.99,1.73,1.62,1.61,4.29,6.53,,4.91,4.64,1.72,4.04,2.69,,3.01,1.46,6.92,7.28,4.92,5.05,6.17,1.70,,5.69,7.40,1.54,2.48,1.84,2.97,6.05,6.77,4.98,3.03,6.37,1.52,1.60,,2.28,1.67,1.75,5.72,,3.23,3.52,4.10,3.74,5.98,6.22,1.49,4.69,7.09,2.50,3.33,1.81,1.73,3.06,5.21,6.04,2.01,1.28,5.32,,1.32,2.58,3.40,2.90,5.25,6.49,6.46,3.07,5.10,4.89,1.34,1.68,2.22,3.80,2.84,3.56,5.61,1.90,,2.80,1.25,2.83,1.46,4.96,2.30,5.63,4.51,2.20,1.65,2.85,2.64,3.20,5.77,1.51,3.14,4.40,6.27,4.11,,1.74,1.70,1.39,6.08,6.48,3.42,4.97,7.12,1.96,,5.70,2.21,3.18,4.77,2.09,,3.18,2.03,3.60,6.07,3.16,4.83,,4.93,1.57,2.86,2.05,4.10,7.74,6.35,2.09,,1.86,6.10,5.91,,2.91,4.70,4.28,3.55,4.11,1.87,1.52,2.15,3.71,1.43,1.39,6.51,4.88,,5.64,5.41,6.15,,,6.67,1.74,,1.87,1.33,5.46,7.57,3.44,6.64,1.26,2.35,,3.10,1.84,2.81,5.96,3.16,1.99,1.51,4.76,4.83,6.01,1.96,5.60,5.86,4.55,2.13,2.91,2.87,3.90,,,7.06,1.56,3.83,1.76,2.02,2.47,3.80,4.80,3.22,3.09,2.71,6.52,8.05,6.28,4.35,6.00,6.36,4.75,2.72,1.67,3.92,2.11,2.18,2.18,1.44,1.74,1.98,1.97,1.50,5.81,6.44,1.77,2.73,3.26,5.78,5.61,5.67,2.02,3.05,3.08,3.10,5.71,3.27,6.37,4.01,4.26,4.22,4.20,3.06,1.99,,1.92,4.14,4.21,1.66,6.42,3.80,4.04,4.04,6.14,6.14,6.14,2.15,2.99
1994,7.57,2.67,3.70,6.99,2.13,2.83,2.18,2.11,1.84,1.47,2.52,2.57,3.24,3.85,1.73,1.53,1.56,4.20,6.45,,4.70,4.55,1.71,3.90,2.64,,2.90,1.37,6.88,7.24,4.72,4.87,6.07,1.67,,5.65,7.42,1.55,2.43,1.73,2.92,5.94,6.78,4.95,2.94,6.30,1.47,1.58,,2.21,1.44,1.81,5.55,,3.16,3.46,3.97,3.66,5.98,6.10,1.42,4.56,7.04,2.40,3.31,1.85,1.73,2.95,5.11,6.02,1.95,1.24,5.24,,1.33,2.53,3.25,2.88,5.17,6.44,6.38,3.07,4.99,4.83,1.36,1.64,2.14,3.72,2.76,3.23,5.51,1.85,1.80,2.90,1.21,2.80,1.50,4.79,2.28,5.54,4.45,2.16,1.66,2.72,2.66,2.90,5.59,1.39,3.04,4.29,6.21,3.86,,1.57,1.72,1.31,6.03,6.38,3.37,4.60,7.09,1.84,,5.66,2.25,3.10,4.72,1.99,,2.94,2.00,3.45,6.02,3.10,4.70,,4.84,1.57,2.70,2.00,3.94,7.73,6.30,2.03,,1.87,5.72,5.81,,2.88,4.68,4.20,3.43,4.06,1.81,1.45,2.12,3.65,1.40,1.40,6.32,4.82,,5.56,5.20,6.05,,,6.65,1.71,,1.67,1.32,5.33,7.62,3.28,6.60,1.19,2.32,,3.00,1.84,2.76,5.90,3.12,1.88,1.49,4.62,4.71,5.95,1.91,5.64,5.77,4.50,2.04,2.75,2.81,3.71,,,7.04,1.47,3.62,1.74,2.00,2.44,3.54,4.75,3.15,2.90,2.60,6.40,7.80,6.23,4.21,5.93,6.31,4.60,2.68,1.59,3.82,2.03,2.08,2.08,1.40,1.70,1.94,1.92,1.46,5.75,6.39,1.75,2.65,3.18,5.69,5.53,5.58,1.94,2.99,3.01,3.03,5.64,3.19,6.33,3.91,4.07,4.02,4.00,2.97,1.97,,1.90,4.07,4.16,1.64,6.38,3.73,3.96,3.96,6.08,6.08,6.08,2.07,2.92
1995,7.61,2.59,3.45,6.92,2.15,2.77,2.06,2.06,1.82,1.42,2.29,2.52,3.15,3.71,1.73,1.41,1.56,4.11,6.36,1.80,4.50,4.47,1.71,3.77,2.59,,2.79,1.23,6.84,7.19,4.51,4.69,5.98,1.64,,5.62,7.43,1.57,2.37,1.66,2.86,5.84,6.78,4.93,2.85,6.23,1.58,1.58,,2.12,1.28,1.80,5.35,,3.10,3.40,3.84,3.58,5.97,5.97,1.38,4.43,6.99,2.50,3.28,1.81,1.74,2.84,5.02,6.00,1.88,1.25,5.17,,1.28,2.51,3.12,2.87,5.09,6.39,6.29,3.07,4.88,4.76,1.30,1.57,2.08,3.65,2.69,2.94,5.42,1.84,,2.90,1.19,2.77,1.42,4.63,2.26,5.46,4.37,2.12,1.63,2.72,2.72,3.10,5.39,1.25,2.94,4.19,6.16,3.64,,1.55,1.70,1.24,5.98,6.31,3.31,4.24,7.06,1.77,,5.61,2.14,3.02,4.66,1.90,,2.74,1.98,3.30,5.97,3.04,4.57,,4.73,1.53,2.59,1.99,3.78,7.73,6.26,1.98,,1.87,5.35,5.69,2.33,2.85,4.67,4.11,3.32,4.01,1.62,1.41,2.09,3.59,1.33,1.34,6.17,4.75,,5.49,4.98,5.95,1.70,,6.61,1.67,,1.52,1.29,5.20,7.65,3.14,6.55,1.16,2.29,,2.89,1.84,2.70,5.83,3.07,1.73,1.48,4.50,4.58,5.88,1.87,5.68,5.70,4.45,1.96,2.61,2.76,3.51,,,7.02,1.40,3.42,1.71,1.98,2.40,3.60,4.71,3.08,2.71,2.48,6.25,7.53,6.19,4.09,5.86,6.26,4.44,2.64,1.47,3.73,1.96,2.01,2.01,1.38,1.65,1.88,1.85,1.42,5.70,6.35,1.71,2.57,3.11,5.62,5.46,5.51,1.86,2.92,2.95,2.96,5.57,3.12,6.30,3.83,3.87,3.83,3.81,2.90,1.94,,1.86,3.98,4.11,1.61,6.33,3.67,3.89,3.89,6.02,6.02,6.02,2.00,2.86
1996,7.63,2.51,3.21,6.85,2.17,2.72,1.94,2.02,1.80,1.45,2.06,2.44,3.06,3.59,1.73,1.34,1.59,4.01,6.28,,4.30,4.38,1.69,3.65,2.54,,2.68,1.23,6.80,7.14,4.29,4.50,5.89,1.59,,5.59,7.43,1.57,2.31,1.62,2.80,5.74,6.78,4.91,2.76,6.15,1.67,1.59,,2.04,1.18,1.75,5.15,,3.04,3.35,3.73,3.48,5.96,5.83,1.37,4.31,6.93,2.60,3.24,1.78,1.75,2.75,4.92,5.98,1.81,1.30,5.10,,1.26,2.49,2.99,2.87,4.99,6.33,6.20,3.07,4.78,4.68,1.19,1.46,2.12,3.58,2.63,2.70,5.33,1.88,,2.90,1.20,2.74,1.43,4.49,2.13,5.40,4.30,2.08,1.57,2.71,2.80,2.80,5.17,1.16,2.83,4.09,6.11,3.44,,1.49,1.77,1.17,5.91,6.25,3.24,3.89,7.02,1.99,,5.57,2.12,2.95,4.61,1.81,,2.57,1.95,3.16,5.92,3.00,4.44,,4.61,1.53,2.65,1.96,3.62,7.72,6.22,1.92,,1.89,4.98,5.57,,2.83,4.65,4.01,3.20,3.96,1.59,1.44,1.94,3.53,1.30,1.27,6.05,4.69,,5.41,4.75,5.84,,,6.56,1.66,,1.47,1.28,5.08,7.68,3.02,6.50,1.14,2.27,,2.77,1.84,2.64,5.76,3.03,1.60,1.50,4.40,4.46,5.83,1.82,5.75,5.63,4.39,1.90,2.49,2.71,3.32,,,6.99,1.34,3.23,1.73,1.98,2.36,3.32,4.66,3.02,2.53,2.37,6.09,7.25,6.15,3.99,5.80,6.21,4.30,2.60,1.43,3.65,1.92,1.96,1.96,1.40,1.62,1.80,1.78,1.41,5.64,6.30,1.71,2.51,3.05,5.52,5.39,5.43,1.81,2.86,2.89,2.90,5.49,3.06,6.25,3.74,3.71,3.66,3.64,2.84,1.94,,1.85,3.92,4.05,1.60,6.28,3.61,3.81,3.81,5.96,5.96,5.96,1.96,2.82
1997,7.63,2.42,2.99,6.79,2.19,2.67,1.83,1.98,1.78,1.39,2.07,2.36,2.99,3.48,1.74,1.25,1.60,3.91,6.20,,4.10,4.30,1.66,3.55,2.48,,2.58,1.09,6.75,7.08,4.07,4.33,5.80,1.55,,5.56,7.42,1.57,2.24,1.61,2.74,5.64,6.77,4.90,2.66,6.08,1.69,1.59,,1.95,1.17,1.75,4.96,1.90,2.98,3.29,3.63,3.38,5.94,5.69,1.32,4.20,6.86,2.50,3.21,1.75,1.77,2.66,4.82,5.96,1.75,1.35,5.04,,1.27,2.69,2.87,2.87,4.90,6.27,6.11,3.06,4.67,4.59,1.13,1.37,2.04,3.51,2.58,2.49,5.23,1.93,,2.94,1.22,2.70,1.39,4.37,2.00,5.35,4.24,2.04,1.54,2.47,2.86,2.60,4.94,1.11,2.71,4.01,6.06,3.27,,1.47,1.71,1.12,5.84,6.21,3.15,3.56,6.98,1.93,,5.53,2.04,2.88,4.54,1.72,,2.43,1.93,3.04,5.89,2.96,4.30,,4.46,1.56,2.67,1.96,3.47,7.71,6.19,1.86,,1.86,4.63,5.44,,2.81,4.63,3.91,3.10,3.92,1.51,1.47,1.90,3.47,1.32,1.22,5.94,4.64,,5.35,4.53,5.74,1.60,2.10,6.51,1.61,,1.43,1.25,4.97,7.69,2.92,6.44,1.15,2.25,2.40,2.64,1.84,2.58,5.69,2.99,1.52,1.48,4.31,4.33,5.78,1.78,5.83,5.57,4.34,1.84,2.38,2.66,3.15,,,6.97,1.27,3.06,1.72,1.97,2.33,3.08,4.62,2.97,2.36,2.27,5.91,6.99,6.12,3.91,5.74,6.16,4.17,2.56,1.38,3.56,1.89,1.94,1.93,1.42,1.59,1.74,1.72,1.42,5.59,6.24,1.69,2.46,3.00,5.43,5.31,5.35,1.78,2.80,2.83,2.84,5.42,3.01,6.20,3.66,3.56,3.51,3.49,2.79,1.93,,1.83,3.83,4.00,1.59,6.24,3.54,3.74,3.74,5.91,5.91,5.91,1.92,2.78
1998,7.61,2.33,2.80,6.73,2.20,2.62,1.75,1.94,1.76,1.37,2.00,2.26,2.92,3.37,1.75,1.30,1.60,3.81,6.12,,3.90,4.21,1.62,3.45,2.43,,2.49,1.11,6.70,7.03,3.88,4.15,5.72,1.53,,5.54,7.41,1.56,2.17,1.60,2.68,5.55,6.77,4.89,2.56,6.01,1.45,1.60,,1.86,1.16,1.72,4.78,,2.93,3.23,3.53,3.26,5.91,5.55,1.28,4.09,6.77,2.30,3.17,1.70,1.78,2.59,4.72,5.94,1.69,1.36,4.97,,1.24,2.46,2.76,2.86,4.80,6.21,6.01,3.05,4.56,4.48,1.02,1.32,2.05,3.45,2.54,2.32,5.13,1.94,,2.98,1.22,2.67,1.38,4.26,1.80,5.30,4.17,2.02,1.46,2.58,2.90,2.70,4.72,1.09,2.61,3.93,6.00,3.11,,1.46,1.68,1.06,5.75,6.17,3.04,3.26,6.95,1.84,,5.50,1.97,2.82,4.47,1.62,,2.31,1.91,2.93,5.86,2.93,4.16,,4.31,1.63,2.54,1.89,3.34,7.70,6.16,1.81,,1.81,4.30,5.31,,2.79,4.60,3.80,3.00,3.89,1.44,1.47,1.90,3.41,1.32,1.23,5.84,4.59,,5.28,4.33,5.64,,2.04,6.46,1.48,,1.37,1.23,4.87,7.69,2.83,6.38,1.13,2.24,,2.50,1.83,2.51,5.61,2.96,1.50,1.47,4.23,4.21,5.74,1.74,5.92,5.52,4.30,1.80,2.29,2.61,3.01,,,6.94,1.21,2.91,1.71,2.00,2.30,2.82,4.57,2.92,2.21,2.19,5.73,6.74,6.09,3.84,5.68,6.12,4.05,2.52,1.34,3.49,1.87,1.92,1.92,1.42,1.57,1.71,1.68,1.41,5.54,6.19,1.68,2.43,2.96,5.34,5.24,5.27,1.76,2.74,2.77,2.78,5.35,2.97,6.15,3.59,3.42,3.37,3.35,2.75,1.95,,1.83,3.75,3.95,1.59,6.20,3.47,3.66,3.66,5.86,5.86,5.86,1.90,2.75
1999,7.56,2.25,2.64,6.68,2.20,2.58,1.69,1.90,1.76,1.34,2.07,2.17,2.86,3.27,1.76,1.31,1.62,3.70,6.04,,3.70,4.13,1.56,3.37,2.37,,2.41,1.23,6.65,6.98,3.70,3.97,5.65,1.51,,5.52,7.38,1.55,2.11,1.60,2.63,5.47,6.76,4.88,2.46,5.94,1.38,1.60,,1.78,1.13,1.73,4.62,,2.88,3.17,3.43,3.14,5.88,5.43,1.30,4.00,6.66,2.30,3.13,1.73,1.81,2.52,4.62,5.91,1.64,1.36,4.90,,1.23,2.42,2.67,2.85,4.70,6.15,5.91,3.04,4.45,4.37,0.98,1.28,1.99,3.38,2.52,2.18,5.04,1.90,,2.97,1.23,2.62,1.34,4.18,1.80,5.24,4.11,2.00,1.43,2.89,2.89,2.60,4.51,1.16,2.50,3.86,5.94,2.97,,1.46,1.74,1.00,5.65,6.13,2.91,2.99,6.92,1.73,5.71,5.46,2.05,2.77,4.39,1.53,,2.21,1.89,2.84,5.84,2.91,4.01,,4.14,1.65,2.48,1.97,3.22,7.69,6.13,1.77,,1.85,3.99,5.17,,2.77,4.57,3.68,2.92,3.85,1.37,1.50,2.00,3.33,1.30,1.16,5.74,4.54,,5.23,4.14,5.54,,2.04,6.39,1.47,,1.33,1.21,4.79,7.66,2.75,6.30,1.17,2.24,,2.35,1.83,2.44,5.54,2.92,1.50,1.48,4.15,4.08,5.71,1.71,6.02,5.47,4.27,1.77,2.21,2.56,2.90,,,6.90,1.13,2.77,1.68,2.01,2.27,2.72,4.53,2.87,2.10,2.13,5.55,6.51,6.07,3.79,5.63,6.07,3.94,2.48,1.31,3.41,1.85,1.90,1.90,1.43,1.55,1.65,1.62,1.41,5.49,6.13,1.68,2.39,2.92,5.26,5.16,5.20,1.73,2.68,2.71,2.72,5.28,2.94,6.10,3.52,3.30,3.26,3.23,2.71,1.96,,1.82,3.70,3.91,1.58,6.15,3.42,3.58,3.58,5.81,5.81,5.81,1.88,2.72
2000,7.49,2.16,2.51,6.64,2.20,2.54,1.65,1.87,1.76,1.36,2.00,2.07,2.80,3.17,1.78,1.32,1.67,3.60,5.96,1.74,3.52,4.05,1.50,3.30,2.30,,2.35,1.26,6.59,6.92,3.54,3.81,5.58,1.49,,5.50,7.35,1.53,2.06,1.60,2.57,5.38,6.75,4.87,2.36,5.87,1.39,1.60,,1.72,1.15,1.77,4.48,,2.84,3.10,3.34,3.02,5.83,5.32,1.36,3.92,6.54,2.60,3.09,1.73,1.89,2.46,4.53,5.88,1.61,1.38,4.83,,1.25,2.33,2.58,2.82,4.60,6.08,5.82,3.02,4.34,4.24,1.03,1.32,2.08,3.31,2.51,2.07,4.94,1.89,,2.95,1.26,2.58,1.36,4.11,1.80,5.18,4.06,1.99,1.48,2.96,2.85,2.40,4.31,1.25,2.41,3.79,5.87,2.85,1.57,1.39,1.76,0.95,5.55,6.10,2.78,2.77,6.90,1.68,,5.41,1.99,2.72,4.30,1.44,,2.14,1.88,2.77,5.83,2.88,3.88,,3.96,1.72,2.59,1.98,3.11,7.68,6.11,1.72,,1.85,3.72,5.04,1.83,2.74,4.53,3.55,2.85,3.81,1.37,1.55,2.05,3.24,1.31,1.20,5.64,4.50,,5.18,3.97,5.45,1.48,2.08,6.32,1.60,,1.30,1.26,4.72,7.63,2.69,6.22,1.22,2.24,,2.20,1.83,2.38,5.47,2.90,1.54,1.50,4.08,3.97,5.69,1.67,6.11,5.42,4.25,1.75,2.14,2.50,2.82,,,6.87,1.12,2.64,1.64,2.06,2.24,2.58,4.49,2.82,2.01,2.06,5.38,6.31,6.04,3.75,5.57,6.03,3.85,2.44,1.32,3.34,1.85,1.90,1.90,1.47,1.56,1.64,1.62,1.44,5.44,6.07,1.71,2.36,2.89,5.18,5.09,5.12,1.72,2.63,2.65,2.66,5.20,2.90,6.04,3.46,3.19,3.15,3.13,2.67,2.00,,1.83,3.64,3.86,1.62,6.11,3.37,3.51,3.51,5.76,5.76,5.76,1.87,2.70
2001,7.39,2.07,2.44,6.60,2.19,2.51,1.63,1.85,1.74,1.33,1.80,1.99,2.73,3.07,1.79,1.29,1.67,3.50,5.89,1.75,3.34,3.97,1.43,3.25,2.23,,2.28,1.21,6.53,6.86,3.40,3.65,5.52,1.51,,5.48,7.32,1.51,2.01,1.60,2.52,5.31,6.74,4.86,2.28,5.79,1.46,1.60,,1.66,1.15,1.74,4.36,,2.80,3.04,3.25,2.90,5.79,5.23,1.32,3.85,6.41,2.30,3.04,1.73,1.90,2.42,4.46,5.85,1.59,1.35,4.75,,1.25,2.51,2.51,2.79,4.49,6.02,5.73,2.99,4.24,4.10,0.93,1.31,1.95,3.24,2.51,1.98,4.85,1.94,,2.92,1.25,2.53,1.33,4.06,1.90,5.11,4.02,1.99,1.31,2.81,2.77,2.40,4.14,1.22,2.31,3.73,5.79,2.75,1.52,1.29,1.66,0.91,5.45,6.07,2.66,2.60,6.88,1.48,,5.37,1.91,2.67,4.20,1.35,,2.10,1.87,2.72,5.81,2.85,3.76,,3.77,1.71,2.43,1.97,3.02,7.67,6.08,1.68,,1.78,3.48,4.90,,2.72,4.48,3.43,2.79,3.77,1.31,1.45,1.93,3.12,1.27,1.22,5.54,4.48,,5.13,3.83,5.37,1.58,1.98,6.24,1.41,1.95,1.20,1.21,4.66,7.58,2.65,6.14,1.23,2.25,,2.06,1.83,2.32,5.40,2.87,1.57,1.38,4.01,3.86,5.68,1.64,6.17,5.37,4.24,1.74,2.09,2.45,2.77,,,6.82,1.08,2.53,1.63,2.03,2.21,2.46,4.45,2.78,1.95,1.90,5.23,6.13,6.00,3.73,5.52,5.99,3.76,2.40,1.28,3.28,1.84,1.89,1.89,1.46,1.54,1.63,1.60,1.42,5.39,6.01,1.67,2.33,2.86,5.10,5.01,5.04,1.71,2.57,2.59,2.60,5.13,2.87,5.98,3.40,3.11,3.07,3.05,2.64,1.98,,1.80,3.58,3.82,1.59,6.06,3.32,3.43,3.43,5.71,5.71,5.71,1.86,2.67
2002,7.27,1.98,2.40,6.57,2.17,2.49,1.64,1.82,1.76,1.39,1.80,1.93,2.66,2.97,1.79,1.24,1.65,3.39,5.82,1.77,3.18,3.89,1.37,3.20,2.16,,2.22,1.23,6.47,6.80,3.27,3.52,5.48,1.50,,5.46,7.27,1.50,1.97,1.60,2.46,5.24,6.73,4.85,2.20,5.71,1.42,1.59,,1.61,1.17,1.72,4.24,1.90,2.76,2.97,3.17,2.79,5.73,5.15,1.36,3.79,6.26,2.60,3.00,1.72,1.88,2.37,4.39,5.82,1.59,1.34,4.68,,1.28,2.57,2.46,2.76,4.37,5.95,5.64,2.96,4.13,3.96,0.94,1.30,1.93,3.18,2.51,1.92,4.76,1.97,1.65,2.89,1.27,2.48,1.32,4.01,2.00,5.05,3.98,1.99,1.18,2.67,2.69,2.40,3.98,1.26,2.23,3.67,5.70,2.67,1.47,1.23,1.63,0.88,5.34,6.03,2.54,2.47,6.86,1.45,,5.32,1.94,2.62,4.11,1.29,,2.08,1.86,2.67,5.79,2.81,3.67,,3.59,1.73,2.33,1.89,2.94,7.66,6.06,1.64,,1.75,3.29,4.77,,2.70,4.42,3.32,2.75,3.71,1.25,1.46,1.83,3.00,1.27,1.29,5.44,4.46,,5.09,3.71,5.29,1.57,2.04,6.16,1.37,,1.19,1.21,4.61,7.52,2.62,6.05,1.25,2.25,2.11,1.93,1.83,2.27,5.33,2.84,1.65,1.39,3.95,3.77,5.67,1.62,6.18,5.33,4.22,1.74,2.05,2.40,2.73,,,6.78,1.10,2.43,1.63,2.02,2.18,2.52,4.42,2.74,1.92,2.21,5.09,5.95,5.96,3.72,5.47,5.95,3.69,2.36,1.25,3.21,1.83,1.89,1.88,1.46,1.55,1.66,1.62,1.42,5.34,5.94,1.65,2.30,2.83,5.04,4.94,4.97,1.70,2.51,2.53,2.54,5.06,2.84,5.91,3.34,3.03,3.00,2.98,2.61,1.97,,1.79,3.54,3.78,1.58,6.02,3.28,3.36,3.36,5.66,5.66,5.66,1.85,2.64
2003,7.15,1.90,2.41,6.53,2.14,2.46,1.65,1.80,1.75,1.38,1.90,1.89,2.59,2.88,1.80,1.23,1.67,3.29,5.75,1.80,3.04,3.80,1.33,3.16,2.10,,2.15,1.26,6.40,6.74,3.15,3.41,5.43,1.53,,5.44,7.21,1.49,1.94,1.60,2.40,5.17,6.72,4.85,2.12,5.63,1.41,1.58,,1.58,1.18,1.76,4.12,1.90,2.73,2.91,3.11,2.69,5.68,5.07,1.37,3.75,6.11,2.50,2.94,1.76,1.89,2.33,4.33,5.79,1.60,1.34,4.61,,1.29,2.37,2.41,2.72,4.25,5.88,5.56,2.92,4.03,3.82,0.90,1.27,1.99,3.11,2.51,1.88,4.68,1.96,,2.95,1.29,2.44,1.29,3.98,2.03,4.98,3.95,1.99,1.19,2.35,2.61,2.50,3.85,1.32,2.14,3.62,5.61,2.61,1.36,1.26,1.62,0.86,5.24,6.00,2.44,2.37,6.84,1.48,,5.28,1.87,2.58,4.01,1.25,,2.09,1.85,2.63,5.77,2.76,3.60,,3.42,1.75,2.27,1.93,2.87,7.65,6.04,1.61,,1.80,3.14,4.65,,2.68,4.37,3.21,2.72,3.65,1.22,1.44,1.76,2.86,1.30,1.32,5.34,4.45,,5.05,3.60,5.23,1.59,2.06,6.07,1.27,,1.20,1.20,4.56,7.45,2.61,5.97,1.30,2.26,,1.83,1.83,2.23,5.27,2.81,1.71,1.39,3.90,3.70,5.66,1.60,6.14,5.28,4.20,1.75,2.02,2.35,2.70,,,6.72,1.17,2.34,1.70,2.05,2.16,2.36,4.38,2.70,1.90,2.07,4.97,5.78,5.92,3.73,5.42,5.91,3.63,2.33,1.25,3.15,1.82,1.88,1.88,1.47,1.57,1.67,1.63,1.43,5.30,5.88,1.66,2.28,2.80,4.96,4.87,4.90,1.70,2.46,2.47,2.48,4.99,2.81,5.85,3.29,2.98,2.95,2.93,2.59,1.99,,1.79,3.49,3.74,1.60,5.97,3.24,3.28,3.28,5.61,5.61,5.61,1.84,2.62
2004,7.02,1.82,2.44,6.50,2.11,2.44,1.66,1.79,1.77,1.42,2.05,1.87,2.51,2.78,1.80,1.23,1.72,3.18,5.69,1.78,2.91,3.71,1.30,3.12,2.03,,2.09,1.33,6.34,6.67,3.04,3.31,5.39,1.53,,5.41,7.15,1.50,1.92,1.61,2.33,5.10,6.71,4.84,2.07,5.55,1.43,1.58,,1.55,1.23,1.78,3.99,,2.69,2.85,3.05,2.60,5.62,5.01,1.47,3.70,5.96,2.60,2.89,1.80,1.92,2.29,4.29,5.76,1.63,1.36,4.55,,1.31,2.42,2.37,2.68,4.11,5.80,5.47,2.88,3.93,3.68,0.92,1.28,2.04,3.04,2.52,1.85,4.60,1.93,,2.90,1.34,2.40,1.29,3.94,2.21,4.91,3.93,1.98,1.16,2.54,2.55,2.60,3.72,1.29,2.07,3.56,5.52,2.56,1.44,1.27,1.66,0.86,5.14,5.96,2.36,2.31,6.82,1.40,,5.23,1.92,2.54,3.91,1.22,,2.12,1.85,2.60,5.73,2.71,3.57,,3.26,1.72,2.18,1.98,2.82,7.63,6.01,1.57,,1.83,3.03,4.53,,2.66,4.32,3.12,2.71,3.58,1.23,1.40,1.78,2.71,1.33,1.34,5.24,4.46,,5.01,3.51,5.19,1.57,2.01,5.97,1.26,,1.25,1.25,4.51,7.38,2.60,5.89,1.31,2.27,,1.74,1.83,2.20,5.20,2.78,1.75,1.42,3.86,3.65,5.65,1.58,6.03,5.23,4.18,1.76,2.00,2.31,2.67,,,6.66,1.22,2.25,1.75,2.05,2.13,2.46,4.34,2.66,1.89,2.17,4.87,5.60,5.86,3.74,5.37,5.87,3.58,2.30,1.28,3.09,1.82,1.88,1.88,1.50,1.60,1.70,1.66,1.46,5.25,5.81,1.67,2.26,2.78,4.90,4.80,4.84,1.70,2.41,2.42,2.43,4.92,2.79,5.78,3.24,2.93,2.91,2.89,2.56,2.00,,1.79,3.46,3.70,1.61,5.93,3.21,3.21,3.21,5.57,5.57,5.57,1.83,2.61
2005,6.88,1.76,2.50,6.46,2.08,2.42,1.68,1.77,1.81,1.41,2.00,1.86,2.44,2.69,1.79,1.25,1.76,3.08,5.63,1.76,2.79,3.62,1.29,3.09,1.98,,2.02,1.37,6.27,6.59,2.93,3.23,5.35,1.54,,5.38,7.07,1.51,1.91,1.61,2.26,5.04,6.69,4.83,2.02,5.46,1.50,1.57,,1.52,1.29,1.80,3.87,,2.65,2.80,3.02,2.53,5.56,4.95,1.52,3.66,5.81,2.60,2.85,1.80,1.94,2.25,4.25,5.73,1.66,1.34,4.49,,1.34,2.38,2.34,2.64,3.97,5.73,5.39,2.84,3.84,3.55,0.96,1.31,2.05,2.97,2.51,1.83,4.53,1.86,,2.84,1.34,2.36,1.26,3.91,2.22,4.84,3.91,1.98,1.09,2.65,2.49,2.50,3.62,1.39,2.00,3.50,5.43,2.53,1.49,1.29,1.63,0.88,5.05,5.91,2.29,2.28,6.79,1.38,4.50,5.18,1.88,2.50,3.82,1.22,,2.18,1.84,2.57,5.69,2.66,3.55,,3.12,1.71,2.20,1.97,2.77,7.61,5.99,1.53,,1.84,2.95,4.42,2.02,2.65,4.26,3.04,2.70,3.50,1.24,1.41,1.77,2.57,1.40,1.29,5.13,4.46,,4.96,3.42,5.15,1.45,2.20,5.86,1.26,,1.27,1.26,4.47,7.31,2.60,5.80,1.33,2.28,,1.68,1.83,2.17,5.14,2.75,1.77,1.42,3.81,3.62,5.64,1.57,5.88,5.18,4.14,1.77,1.99,2.27,2.65,,,6.59,1.21,2.16,1.76,2.06,2.10,2.36,4.30,2.63,1.89,2.24,4.78,5.43,5.79,3.78,5.32,5.83,3.54,2.27,1.31,3.04,1.82,1.88,1.87,1.50,1.59,1.68,1.64,1.47,5.20,5.74,1.67,2.24,2.75,4.84,4.73,4.77,1.69,2.36,2.37,2.38,4.85,2.76,5.71,3.19,2.90,2.88,2.86,2.53,2.01,,1.79,3.42,3.66,1.61,5.88,3.18,3.14,3.14,5.52,5.52,5.52,1.82,2.59
2006,6.72,1.70,2.57,6.42,2.05,2.40,1.69,1.77,1.91,1.41,1.97,1.87,2.36,2.60,1.78,1.34,1.80,2.98,5.58,1.76,2.68,3.53,1.29,3.07,1.93,,1.97,1.44,6.19,6.52,2.84,3.16,5.31,1.59,,5.35,6.99,1.53,1.90,1.62,2.20,4.98,6.67,4.82,1.98,5.38,1.47,1.58,2.10,1.50,1.34,1.85,3.74,,2.62,2.75,3.01,2.47,5.50,4.88,1.58,3.62,5.67,2.50,2.81,1.84,2.00,2.22,4.22,5.70,1.71,1.33,4.44,,1.40,2.26,2.32,2.60,3.83,5.65,5.31,2.80,3.75,3.42,0.98,1.34,2.08,2.90,2.51,1.81,4.48,1.91,,2.88,1.37,2.33,1.32,3.87,2.36,4.77,3.90,1.97,1.13,2.43,2.45,2.70,3.52,1.46,1.96,3.45,5.34,2.51,1.43,1.33,1.65,0.91,4.96,5.84,2.25,2.26,6.76,1.36,4.50,5.14,1.77,2.46,3.74,1.23,,2.25,1.83,2.55,5.63,2.60,3.56,,2.99,1.72,2.29,2.01,2.73,7.59,5.96,1.50,,1.90,2.90,4.31,,2.64,4.21,2.97,2.68,3.43,1.27,1.37,1.71,2.43,1.42,1.31,5.02,4.46,,4.92,3.33,5.12,1.43,2.11,5.75,1.28,,1.25,1.31,4.44,7.23,2.61,5.72,1.36,2.28,,1.63,1.82,2.15,5.09,2.72,1.85,1.44,3.76,3.60,5.62,1.56,5.68,5.12,4.10,1.78,2.00,2.24,2.65,,,6.52,1.31,2.08,1.82,2.11,2.07,2.39,4.26,2.60,1.90,2.03,4.70,5.25,5.72,3.82,5.27,5.78,3.51,2.25,1.34,2.98,1.82,1.87,1.87,1.52,1.62,1.70,1.67,1.49,5.15,5.67,1.71,2.22,2.73,4.78,4.66,4.70,1.69,2.32,2.32,2.34,4.78,2.74,5.64,3.15,2.88,2.87,2.85,2.51,2.06,,1.81,3.38,3.63,1.66,5.83,3.15,3.06,3.06,5.47,5.47,5.47,1.82,2.58
2007,6.56,1.67,2.65,6.37,2.02,2.38,1.70,1.76,1.96,1.38,1.97,1.88,2.30,2.52,1.76,1.43,1.82,2.89,5.52,1.76,2.58,3.45,1.30,3.05,1.88,,1.93,1.49,6.12,6.44,2.76,3.09,5.27,1.66,,5.32,6.90,1.55,1.90,1.62,2.14,4.93,6.65,4.81,1.95,5.30,1.48,1.59,2.00,1.48,1.45,1.84,3.62,,2.59,2.71,3.04,2.41,5.43,4.81,1.69,3.56,5.53,2.60,2.78,1.83,1.98,2.18,4.20,5.67,1.76,1.37,4.39,,1.41,2.30,2.30,2.56,3.70,5.58,5.24,2.76,3.66,3.30,1.03,1.32,2.09,2.82,2.51,1.81,4.44,2.01,,2.90,1.40,2.29,1.34,3.82,2.47,4.68,3.88,1.96,1.26,2.43,2.40,2.70,3.42,1.54,1.93,3.40,5.25,2.50,1.42,1.36,1.61,0.95,4.87,5.75,2.22,2.25,6.72,1.35,4.50,5.10,1.74,2.42,3.66,1.24,,2.34,1.82,2.55,5.58,2.53,3.58,,2.87,1.72,2.20,2.18,2.69,7.57,5.93,1.48,,1.90,2.88,4.21,,2.64,4.16,2.91,2.66,3.36,1.31,1.35,1.65,2.31,1.45,1.42,4.89,4.45,,4.87,3.25,5.11,1.38,2.24,5.62,1.29,1.50,1.27,1.38,4.42,7.14,2.61,5.64,1.38,2.28,,1.60,1.82,2.13,5.03,2.69,1.88,1.46,3.70,3.60,5.58,1.55,5.45,5.06,4.06,1.79,2.02,2.21,2.67,,,6.43,1.35,2.01,1.86,2.12,2.05,2.55,4.22,2.56,1.91,2.51,4.63,5.09,5.65,3.87,5.21,5.74,3.49,2.22,1.38,2.93,1.82,1.87,1.87,1.54,1.66,1.77,1.73,1.52,5.10,5.60,1.74,2.20,2.71,4.73,4.59,4.64,1.69,2.28,2.28,2.30,4.71,2.72,5.56,3.10,2.88,2.87,2.85,2.49,2.07,,1.83,3.35,3.61,1.69,5.78,3.12,2.98,2.98,5.42,5.42,5.42,1.82,2.57
2008,6.37,1.65,2.73,6.32,2.01,2.37,1.71,1.76,1.98,1.42,1.90,1.88,2.24,2.45,1.74,1.49,1.85,2.82,5.47,1.77,2.48,3.36,1.30,3.03,1.85,,1.92,1.56,6.04,6.35,2.69,3.02,5.22,1.68,,5.29,6.80,1.56,1.90,1.62,2.08,4.87,6.62,4.80,1.92,5.22,1.47,1.60,2.20,1.46,1.51,1.89,3.50,,2.56,2.68,3.09,2.36,5.36,4.74,1.72,3.50,5.39,2.60,2.76,1.85,2.01,2.15,4.18,5.64,1.82,1.38,4.35,,1.50,2.25,2.28,2.53,3.58,5.50,5.17,2.72,3.58,3.18,1.06,1.35,2.15,2.74,2.50,1.81,4.40,2.06,,2.96,1.45,2.25,1.37,3.77,2.68,4.59,3.87,1.95,1.19,2.38,2.35,2.80,3.33,1.58,1.93,3.36,5.15,2.49,1.43,1.45,1.61,1.00,4.78,5.63,2.19,2.25,6.67,1.43,,5.06,1.67,2.39,3.59,1.26,,2.44,1.80,2.55,5.52,2.47,3.60,,2.75,1.77,2.20,2.19,2.66,7.54,5.90,1.47,,1.96,2.87,4.12,,2.63,4.10,2.85,2.63,3.29,1.39,1.39,1.65,2.21,1.60,1.50,4.77,4.43,,4.83,3.16,5.09,1.40,2.33,5.49,1.28,1.70,1.34,1.53,4.40,7.06,2.61,5.55,1.45,2.27,,1.57,1.82,2.11,4.98,2.66,1.91,1.48,3.61,3.59,5.54,1.55,5.22,5.00,4.01,1.80,2.05,2.19,2.71,,,6.33,1.46,1.94,1.91,2.07,2.03,2.64,4.18,2.53,1.92,2.44,4.57,4.94,5.57,3.93,5.16,5.70,3.48,2.20,1.46,2.88,1.82,1.87,1.87,1.58,1.72,1.84,1.80,1.57,5.05,5.52,1.74,2.19,2.70,4.68,4.52,4.58,1.70,2.24,2.25,2.26,4.64,2.71,5.48,3.06,2.88,2.88,2.86,2.48,2.03,,1.83,3.32,3.59,1.70,5.72,3.09,2.90,2.90,5.37,5.37,5.37,1.82,2.55
2009,6.18,1.65,2.80,6.26,1.99,2.36,1.72,1.76,1.97,1.39,1.82,1.88,2.20,2.38,1.71,1.51,1.84,2.75,5.42,1.76,2.39,3.29,1.31,3.03,1.82,,1.92,1.66,5.95,6.27,2.63,2.95,5.17,1.67,,5.25,6.70,1.58,1.89,1.62,2.03,4.81,6.59,4.78,1.90,5.15,1.50,1.62,2.10,1.44,1.51,1.84,3.40,,2.53,2.64,3.15,2.31,5.29,4.66,1.70,3.42,5.26,2.40,2.75,1.86,2.00,2.12,4.16,5.61,1.87,1.36,4.31,,1.50,2.36,2.26,2.51,3.47,5.42,5.11,2.68,3.50,3.06,1.06,1.32,2.23,2.66,2.49,1.82,4.37,2.06,,2.96,1.45,2.21,1.37,3.71,2.55,4.48,3.86,1.94,1.15,2.33,2.29,2.90,3.23,1.46,1.94,3.33,5.06,2.49,1.71,1.50,1.59,1.05,4.69,5.49,2.17,2.23,6.61,1.42,,5.02,1.59,2.36,3.52,1.27,,2.54,1.78,2.56,5.45,2.41,3.62,,2.64,1.79,2.20,2.13,2.63,7.51,5.87,1.46,,1.98,2.87,4.03,,2.63,4.04,2.79,2.59,3.24,1.40,1.34,1.65,2.13,1.66,1.54,4.64,4.39,,4.78,3.07,5.08,1.44,2.38,5.35,1.22,1.70,1.44,1.53,4.40,6.96,2.61,5.47,1.38,2.26,,1.56,1.82,2.09,4.93,2.63,1.94,1.50,3.51,3.60,5.49,1.55,5.00,4.94,3.96,1.80,2.10,2.17,2.77,,,6.23,1.47,1.88,1.89,2.00,2.02,2.53,4.14,2.50,1.93,2.37,4.50,4.80,5.50,3.99,5.09,5.65,3.48,2.18,1.49,2.82,1.82,1.87,1.87,1.56,1.72,1.86,1.81,1.56,4.99,5.45,1.71,2.17,2.68,4.62,4.46,4.51,1.70,2.21,2.21,2.23,4.57,2.69,5.40,3.01,2.89,2.90,2.88,2.46,1.97,,1.81,3.28,3.58,1.67,5.66,3.07,2.82,2.82,5.32,5.32,5.32,1.82,2.53
2010,5.98,1.66,2.86,6.19,1.99,2.35,1.72,1.77,1.93,1.44,1.92,1.87,2.16,2.32,1.69,1.49,1.86,2.69,5.36,1.76,2.30,3.21,1.32,3.02,1.80,,1.94,1.57,5.87,6.18,2.58,2.88,5.11,1.63,,5.22,6.59,1.59,1.88,1.63,1.99,4.75,6.54,4.77,1.89,5.09,1.46,1.65,2.20,1.42,1.51,1.87,3.30,,2.50,2.62,3.23,2.27,5.21,4.57,1.72,3.34,5.14,2.50,2.75,1.87,2.03,2.10,4.15,5.58,1.91,1.39,4.27,,1.48,2.20,2.24,2.49,3.38,5.34,5.05,2.66,3.43,2.96,1.13,1.25,2.20,2.58,2.48,1.84,4.34,2.05,,3.03,1.46,2.17,1.39,3.63,2.59,4.37,3.84,1.94,1.23,2.29,2.23,3.10,3.14,1.36,1.97,3.30,4.97,2.48,1.40,1.50,1.63,1.09,4.60,5.33,2.15,2.21,6.55,1.36,,4.98,1.57,2.34,3.46,1.28,,2.64,1.76,2.57,5.39,2.36,3.63,,2.54,1.79,2.20,2.17,2.60,7.47,5.84,1.47,,1.95,2.87,3.95,,2.62,3.99,2.73,2.55,3.18,1.41,1.39,1.62,2.07,1.59,1.57,4.52,4.34,,4.73,2.97,5.06,1.40,2.16,5.20,1.15,,1.43,1.57,4.40,6.87,2.60,5.38,1.37,2.25,,1.54,1.82,2.07,4.88,2.61,1.98,1.52,3.40,3.60,5.43,1.54,4.81,4.87,3.91,1.81,2.14,2.15,2.83,,,6.11,1.44,1.82,1.92,1.93,2.01,2.34,4.10,2.47,1.94,2.30,4.44,4.67,5.42,4.03,5.03,5.61,3.47,2.15,1.46,2.77,1.82,1.87,1.87,1.58,1.73,1.85,1.81,1.57,4.94,5.37,1.70,2.16,2.66,4.55,4.39,4.44,1.71,2.19,2.19,2.20,4.50,2.66,5.31,2.97,2.90,2.92,2.90,2.44,1.90,,1.80,3.25,3.57,1.66,5.59,3.04,2.75,2.75,5.26,5.26,5.26,1.82,2.52
2011,5.77,1.67,2.91,6.12,1.99,2.34,1.72,1.78,1.93,1.43,1.96,1.85,2.14,2.27,1.67,1.52,1.81,2.64,5.31,1.59,2.22,3.14,1.32,3.02,1.78,,1.96,1.51,5.78,6.09,2.54,2.80,5.05,1.61,,5.17,6.48,1.59,1.87,1.63,1.96,4.69,6.49,4.74,1.87,5.03,1.41,1.67,2.10,1.41,1.43,1.75,3.21,,2.48,2.59,3.31,2.22,5.13,4.49,1.61,3.26,5.02,2.30,2.76,1.83,2.01,2.07,4.13,5.55,1.95,1.39,4.23,,1.40,2.12,2.22,2.47,3.29,5.26,4.99,2.63,3.36,2.86,1.20,1.23,2.02,2.51,2.47,1.87,4.30,2.03,,2.98,1.44,2.14,1.39,3.54,2.59,4.25,3.82,1.93,1.24,2.24,2.18,3.10,3.06,1.33,2.00,3.28,4.88,2.47,1.69,1.55,1.52,1.13,4.52,5.16,2.13,2.17,6.47,1.45,4.05,4.94,1.55,2.32,3.40,1.28,,2.72,1.74,2.58,5.33,2.31,3.63,,2.44,1.76,2.15,2.09,2.58,7.43,5.80,1.48,,1.88,2.88,3.88,,2.61,3.93,2.68,2.49,3.12,1.33,1.35,1.60,2.03,1.47,1.58,4.41,4.28,,4.68,2.87,5.04,1.40,2.33,5.06,1.20,2.03,1.45,1.56,4.41,6.77,2.58,5.29,1.34,2.24,,1.52,1.82,2.05,4.82,2.59,1.90,1.52,3.29,3.60,5.36,1.54,4.64,4.80,3.86,1.80,2.18,2.14,2.89,,,5.98,1.46,1.76,1.91,1.89,2.01,2.24,4.06,2.44,1.95,2.16,4.36,4.55,5.33,4.06,4.96,5.56,3.46,2.13,1.39,2.72,1.82,1.87,1.87,1.56,1.71,1.85,1.80,1.53,4.89,5.29,1.68,2.14,2.64,4.49,4.33,4.38,1.71,2.16,2.16,2.18,4.44,2.65,5.23,2.93,2.90,2.94,2.92,2.42,1.87,,1.77,3.22,3.57,1.64,5.52,3.02,2.67,2.67,5.20,5.20,5.20,1.82,2.50
2012,5.56,1.68,2.95,6.04,1.99,2.33,1.73,1.80,1.92,1.44,2.00,1.83,2.12,2.23,1.65,1.62,1.80,2.59,5.25,1.59,2.16,3.08,1.31,3.01,1.77,,1.97,1.50,5.69,5.99,2.50,2.74,4.98,1.61,,5.12,6.37,1.58,1.85,1.64,1.93,4.63,6.43,4.71,1.85,4.97,1.52,1.68,2.20,1.39,1.45,1.73,3.13,,2.46,2.57,3.38,2.19,5.04,4.41,1.56,3.20,4.90,2.60,2.77,1.80,2.01,2.05,4.11,5.52,1.98,1.41,4.19,,1.34,2.02,2.19,2.45,3.22,5.18,4.92,2.61,3.29,2.77,1.29,1.34,2.04,2.44,2.46,1.90,4.24,1.98,,3.05,1.43,2.10,1.41,3.44,2.62,4.12,3.80,1.93,1.30,2.20,2.14,3.20,2.98,1.44,2.04,3.27,4.79,2.45,1.51,1.60,1.57,1.16,4.44,4.99,2.11,2.13,6.40,1.42,,4.90,1.54,2.29,3.35,1.27,,2.79,1.73,2.58,5.26,2.27,3.62,,2.35,1.72,2.28,2.10,2.55,7.38,5.76,1.49,,1.85,2.90,3.82,2.23,2.60,3.87,2.63,2.44,3.06,1.33,1.28,1.54,2.00,1.52,1.69,4.32,4.21,1.26,4.63,2.77,5.01,1.45,2.37,4.92,1.29,,1.34,1.58,4.43,6.66,2.56,5.20,1.32,2.23,,1.51,1.82,2.02,4.77,2.57,1.91,1.52,3.18,3.61,5.29,1.54,4.50,4.73,3.82,1.80,2.22,2.13,2.94,,,5.85,1.53,1.71,1.92,1.88,2.01,2.19,4.02,2.42,1.96,2.06,4.27,4.44,5.23,4.06,4.88,5.50,3.45,2.11,1.42,2.68,1.83,1.87,1.87,1.55,1.74,1.90,1.86,1.53,4.83,5.20,1.69,2.13,2.62,4.43,4.26,4.32,1.72,2.14,2.14,2.15,4.37,2.63,5.15,2.89,2.91,2.96,2.94,2.41,1.85,,1.77,3.20,3.57,1.65,5.44,3.00,2.61,2.61,5.13,5.13,5.13,1.83,2.49
2013,5.36,1.69,2.99,5.95,2.00,2.32,1.73,1.81,1.86,1.44,1.98,1.81,2.10,2.19,1.63,1.67,1.76,2.54,5.18,1.63,2.11,3.01,1.31,3.00,1.76,,1.98,1.48,5.61,5.90,2.46,2.68,4.92,1.59,,5.07,6.26,1.57,1.82,1.65,1.91,4.56,6.36,4.68,1.84,4.92,1.46,1.69,2.10,1.38,1.46,1.67,3.05,,2.44,2.54,3.42,2.15,4.95,4.34,1.52,3.14,4.79,2.50,2.79,1.75,1.99,2.03,4.10,5.48,2.01,1.42,4.15,,1.29,2.08,2.17,2.43,3.15,5.09,4.86,2.58,3.22,2.70,1.13,1.35,1.93,2.38,2.44,1.95,4.17,1.93,,3.03,1.39,2.07,1.43,3.32,2.64,4.00,3.77,1.93,1.19,2.16,2.11,3.10,2.91,1.52,2.07,3.25,4.71,2.42,1.45,1.59,1.55,1.18,4.37,4.82,2.09,2.08,6.32,1.36,,4.85,1.44,2.27,3.29,1.27,,2.85,1.72,2.57,5.20,2.24,3.60,,2.26,1.68,2.19,2.01,2.53,7.31,5.71,1.50,,1.78,2.91,3.76,,2.58,3.81,2.58,2.39,2.98,1.29,1.21,1.47,1.97,1.46,1.71,4.25,4.15,,4.58,2.68,4.96,1.43,2.26,4.79,1.19,,1.34,1.55,4.44,6.56,2.54,5.11,1.27,2.22,,1.50,1.81,2.00,4.72,2.54,1.89,1.52,3.09,3.62,5.22,1.54,4.38,4.66,3.77,1.79,2.24,2.12,2.96,,,5.70,1.51,1.65,1.83,1.86,2.00,2.35,3.98,2.39,1.98,2.08,4.17,4.33,5.13,4.03,4.80,5.45,3.43,2.08,1.39,2.64,1.83,1.87,1.87,1.53,1.73,1.92,1.87,1.51,4.77,5.12,1.66,2.12,2.61,4.39,4.20,4.26,1.72,2.12,2.12,2.13,4.30,2.62,5.06,2.85,2.91,2.97,2.95,2.39,1.83,,1.75,3.17,3.57,1.62,5.36,2.97,2.56,2.56,5.06,5.06,5.06,1.84,2.47
2014,5.16,1.69,3.02,5.86,2.00,2.31,1.73,1.83,1.83,1.46,1.97,1.79,2.08,2.15,1.62,1.70,1.74,2.49,5.12,1.63,2.07,2.95,1.30,2.99,1.76,,1.97,1.53,5.52,5.80,2.43,2.63,4.85,1.58,,5.01,6.15,1.56,1.79,1.66,1.88,4.49,6.29,4.63,1.82,4.87,1.46,1.69,2.00,1.36,1.53,1.69,2.98,,2.42,2.52,3.44,2.13,4.86,4.27,1.54,3.10,4.68,2.60,2.80,1.71,2.00,2.01,4.08,5.44,2.03,1.47,4.10,,1.30,2.04,2.15,2.41,3.09,5.01,4.78,2.56,3.16,2.64,1.24,1.44,1.93,2.33,2.41,1.99,4.08,1.89,,3.08,1.37,2.05,1.42,3.20,2.73,3.88,3.73,1.93,1.21,2.13,2.09,3.20,2.85,1.65,2.09,3.24,4.62,2.39,1.59,1.63,1.50,1.20,4.30,4.67,2.07,2.04,6.23,1.38,,4.79,1.43,2.24,3.24,1.27,,2.89,1.72,2.55,5.13,2.22,3.58,,2.18,1.71,2.17,1.92,2.50,7.25,5.65,1.50,,1.75,2.93,3.71,,2.56,3.76,2.54,2.36,2.89,1.32,1.23,1.43,1.95,1.56,1.75,4.20,4.09,,4.53,2.59,4.91,1.46,2.25,4.67,1.25,,1.37,1.58,4.46,6.46,2.51,5.02,1.32,2.22,,1.49,1.81,1.98,4.66,2.52,1.88,1.54,3.01,3.62,5.15,1.54,4.29,4.59,3.72,1.78,2.25,2.11,2.96,,,5.55,1.50,1.60,1.81,1.86,2.00,2.46,3.94,2.37,2.00,2.09,4.07,4.21,5.03,3.97,4.73,5.38,3.40,2.06,1.44,2.61,1.83,1.87,1.87,1.55,1.76,1.96,1.90,1.54,4.71,5.03,1.67,2.11,2.60,4.34,4.14,4.21,1.73,2.10,2.10,2.11,4.24,2.61,4.98,2.82,2.90,2.97,2.96,2.38,1.83,,1.75,3.15,3.57,1.63,5.27,2.96,2.51,2.51,4.99,4.99,4.99,1.84,2.47
2015,4.98,1.68,3.04,5.77,2.00,2.30,1.74,1.85,1.81,1.49,1.94,1.78,2.06,2.12,1.61,1.72,1.70,2.44,5.05,1.62,2.04,2.89,1.30,2.97,1.75,,1.95,1.53,5.44,5.70,2.39,2.59,4.78,1.56,,4.94,6.05,1.54,1.75,1.67,1.86,4.42,6.20,4.59,1.81,4.81,1.41,1.67,1.90,1.35,1.57,1.71,2.91,,2.41,2.50,3.44,2.10,4.77,4.22,1.58,3.07,4.57,2.40,2.80,1.65,1.96,1.99,4.06,5.39,2.05,1.50,4.04,,1.33,2.01,2.13,2.38,3.03,4.93,4.71,2.53,3.10,2.58,1.20,1.45,1.80,2.30,2.39,2.04,3.97,1.85,,3.09,1.35,2.03,1.45,3.07,2.74,3.77,3.69,1.92,1.24,2.09,2.08,3.20,2.80,1.70,2.10,3.22,4.54,2.36,1.40,1.70,1.47,1.20,4.24,4.53,2.06,1.99,6.15,1.37,,4.74,1.36,2.22,3.19,1.26,,2.92,1.72,2.52,5.06,2.20,3.54,,2.10,1.66,2.06,1.99,2.48,7.17,5.59,1.51,,1.72,2.94,3.66,2.21,2.54,3.71,2.51,2.32,2.81,1.32,1.31,1.34,1.93,1.62,1.78,4.16,4.03,,4.48,2.51,4.84,1.46,2.31,4.56,1.24,,1.40,1.57,4.46,6.36,2.48,4.94,1.33,2.21,,1.47,1.81,1.95,4.59,2.49,1.85,1.54,2.94,3.62,5.08,1.54,4.22,4.52,3.68,1.77,2.25,2.10,2.93,,,5.39,1.51,1.54,1.80,1.84,2.00,2.49,3.90,2.34,2.01,2.11,3.96,4.10,4.92,3.90,4.65,5.32,3.37,2.05,1.46,2.57,1.83,1.87,1.87,1.55,1.76,1.97,1.92,1.54,4.65,4.95,1.66,2.10,2.58,4.29,4.08,4.15,1.74,2.08,2.09,2.10,4.18,2.59,4.90,2.79,2.89,2.96,2.95,2.37,1.82,,1.75,3.13,3.57,1.63,5.19,2.94,2.47,2.47,4.91,4.91,4.91,1.85,2.46
2016,4.80,1.66,3.05,5.69,2.00,2.29,1.74,1.87,1.75,1.53,1.90,1.77,2.03,2.09,1.61,1.73,1.68,2.39,4.98,1.61,2.01,2.83,1.29,2.94,1.75,,1.92,1.54,5.35,5.60,2.35,2.56,4.71,1.54,,4.87,5.95,1.53,1.71,1.68,1.84,4.35,6.11,4.54,1.79,4.76,1.43,1.66,1.70,1.35,1.63,1.79,2.85,,2.39,2.48,3.41,2.08,4.69,4.16,1.60,3.04,4.46,2.60,2.80,1.57,1.92,1.97,4.04,5.34,2.06,1.60,3.98,,1.38,2.00,2.10,2.36,2.97,4.85,4.63,2.51,3.04,2.54,1.21,1.53,1.74,2.27,2.36,2.08,3.86,1.81,,3.11,1.34,2.01,1.44,2.95,2.77,3.66,3.65,1.92,1.17,2.06,2.08,3.10,2.75,1.74,2.10,3.20,4.46,2.32,1.61,1.69,1.41,1.21,4.18,4.41,2.04,1.95,6.06,1.37,,4.68,1.40,2.19,3.15,1.26,,2.92,1.73,2.49,4.99,2.18,3.50,,2.03,1.66,2.08,1.87,2.46,7.09,5.53,1.51,,1.71,2.94,3.61,,2.51,3.66,2.48,2.30,2.72,1.39,1.36,1.24,1.91,1.69,1.76,4.12,3.98,,4.43,2.44,4.77,1.46,2.39,4.46,1.20,,1.48,1.58,4.45,6.27,2.46,4.86,1.34,2.21,,1.46,1.81,1.93,4.53,2.47,1.85,1.54,2.89,3.62,5.02,1.54,4.16,4.45,3.64,1.75,2.24,2.09,2.89,,,5.24,1.47,1.49,1.79,1.82,1.99,2.46,3.86,2.32,2.03,2.09,3.84,3.99,4.81,3.80,4.57,5.25,3.32,2.03,1.52,2.54,1.83,1.88,1.88,1.57,1.77,1.97,1.92,1.57,4.59,4.86,1.66,2.09,2.57,4.23,4.03,4.09,1.75,2.07,2.07,2.08,4.12,2.58,4.81,2.76,2.87,2.94,2.93,2.36,1.79,,1.74,3.11,3.56,1.62,5.10,2.92,2.44,2.44,4.84,4.84,4.84,1.85,2.45
2017,4.63,1.64,3.05,5.60,2.00,2.28,1.75,1.89,1.74,1.52,1.75,1.76,2.01,2.06,1.62,1.54,1.65,2.35,4.91,1.60,1.99,2.78,1.28,2.91,1.74,,1.88,1.56,5.27,5.50,2.31,2.53,4.64,1.50,,4.80,5.85,1.52,1.68,1.68,1.83,4.28,6.02,4.48,1.77,4.70,1.42,1.64,1.50,1.34,1.69,1.75,2.79,,2.37,2.45,3.37,2.06,4.60,4.11,1.59,3.02,4.35,2.50,2.79,1.49,1.90,1.96,4.01,5.28,2.06,1.57,3.93,,1.35,2.09,2.08,2.33,2.92,4.78,4.55,2.49,2.99,2.50,1.13,1.54,1.71,2.24,2.34,2.12,3.76,1.77,,3.11,1.32,1.99,1.43,2.85,2.75,3.57,3.61,1.91,1.05,2.02,2.08,3.00,2.71,1.69,2.10,3.17,4.39,2.28,1.44,1.63,1.39,1.21,4.13,4.30,2.02,1.91,5.97,1.26,,4.62,1.44,2.16,3.10,1.26,,2.91,1.74,2.45,4.92,2.17,3.45,,1.97,1.62,1.97,1.81,2.43,7.00,5.46,1.50,,1.62,2.92,3.56,,2.49,3.61,2.45,2.28,2.64,1.48,1.38,1.10,1.89,1.71,1.62,4.09,3.93,,4.37,2.37,4.70,1.49,2.41,4.36,1.16,,1.52,1.62,4.43,6.17,2.43,4.78,1.31,2.21,,1.45,1.81,1.91,4.47,2.44,1.78,1.52,2.85,3.61,4.95,1.53,4.09,4.38,3.60,1.74,2.22,2.08,2.84,,,5.10,1.37,1.45,1.74,1.77,1.98,2.42,3.82,2.29,2.04,2.08,3.74,3.89,4.72,3.71,4.49,5.18,3.28,2.01,1.57,2.51,1.83,1.88,1.88,1.55,1.73,1.90,1.86,1.56,4.52,4.78,1.62,2.08,2.56,4.18,3.97,4.04,1.74,2.05,2.05,2.06,4.06,2.56,4.73,2.74,2.84,2.92,2.91,2.35,1.74,,1.71,3.08,3.54,1.58,5.02,2.90,2.41,2.41,4.77,4.77,4.77,1.84,2.43
2018,4.47,1.62,3.02,5.52,1.99,2.26,1.76,1.90,1.74,1.47,1.73,1.75,1.99,2.04,1.62,1.45,1.62,2.31,4.84,1.60,1.98,2.73,1.27,2.87,1.73,,1.85,1.56,5.19,5.41,2.27,2.50,4.57,1.50,,4.72,5.75,1.51,1.65,1.69,1.81,4.21,5.92,4.43,1.75,4.65,1.47,1.62,1.70,1.33,1.71,1.73,2.73,,2.35,2.43,3.33,2.04,4.51,4.06,1.67,2.99,4.25,2.50,2.77,1.41,1.88,1.94,3.97,5.22,2.06,1.57,3.87,,1.35,2.00,2.06,2.31,2.87,4.70,4.48,2.46,2.94,2.46,1.07,1.55,1.71,2.22,2.31,2.14,3.67,1.75,,3.09,1.29,1.98,1.42,2.76,2.84,3.49,3.57,1.90,0.98,2.00,2.08,3.30,2.67,1.60,2.09,3.14,4.32,2.24,1.58,1.63,1.38,1.22,4.08,4.21,2.00,1.87,5.88,1.23,,4.56,1.41,2.13,3.05,1.26,,2.90,1.75,2.42,4.85,2.15,3.40,,1.92,1.59,1.97,1.71,2.40,6.91,5.39,1.50,,1.56,2.89,3.51,,2.46,3.56,2.43,2.25,2.58,1.46,1.42,1.04,1.87,1.76,1.58,4.04,3.88,,4.32,2.32,4.63,1.49,2.41,4.26,1.14,,1.54,1.61,4.40,6.07,2.41,4.70,1.26,2.20,,1.44,1.81,1.89,4.41,2.42,1.76,1.52,2.81,3.59,4.89,1.53,4.02,4.32,3.56,1.73,2.20,2.07,2.79,,,4.96,1.30,1.41,1.68,1.73,1.97,2.60,3.78,2.27,2.05,2.06,3.64,3.79,4.63,3.62,4.42,5.11,3.23,2.00,1.57,2.49,1.82,1.88,1.88,1.53,1.72,1.90,1.86,1.54,4.46,4.70,1.59,2.07,2.55,4.13,3.92,3.99,1.74,2.03,2.03,2.04,4.00,2.55,4.65,2.72,2.81,2.89,2.88,2.34,1.71,,1.69,3.05,3.52,1.55,4.94,2.87,2.38,2.38,4.69,4.69,4.69,1.84,2.42
2019,4.32,1.60,2.99,5.44,1.99,2.25,1.76,1.90,1.66,1.46,1.80,1.74,1.96,2.01,1.62,1.38,1.57,2.27,4.77,1.59,1.95,2.69,1.25,2.84,1.72,,1.82,1.58,5.11,5.32,2.24,2.48,4.51,1.47,,4.65,5.65,1.51,1.63,1.70,1.79,4.14,5.82,4.37,1.74,4.59,1.47,1.60,1.60,1.32,1.71,1.70,2.68,,2.32,2.40,3.28,2.02,4.43,4.00,1.66,2.96,4.15,2.40,2.75,1.35,1.87,1.93,3.92,5.15,2.06,1.54,3.82,,1.35,2.08,2.04,2.29,2.82,4.63,4.40,2.44,2.89,2.43,1.05,1.49,1.75,2.20,2.29,2.15,3.60,1.70,,3.01,1.27,1.97,1.36,2.69,2.90,3.42,3.53,1.90,0.92,1.97,2.08,3.30,2.63,1.61,2.08,3.11,4.25,2.21,1.47,1.61,1.34,1.23,4.03,4.13,1.98,1.84,5.79,1.10,,4.50,1.40,2.10,3.01,1.27,,2.87,1.75,2.38,4.78,2.14,3.34,,1.88,1.57,1.94,1.72,2.38,6.82,5.32,1.49,,1.53,2.84,3.45,,2.44,3.52,2.41,2.23,2.53,1.42,1.42,1.04,1.85,1.76,1.50,3.99,3.83,,4.27,2.28,4.56,1.52,2.34,4.17,1.14,,1.56,1.61,4.36,5.98,2.38,4.62,1.24,2.19,,1.42,1.81,1.87,4.35,2.39,1.70,1.48,2.77,3.56,4.83,1.51,3.94,4.26,3.52,1.71,2.17,2.06,2.74,,,4.82,1.23,1.39,1.65,1.71,1.96,2.79,3.74,2.25,2.05,2.05,3.56,3.70,4.56,3.53,4.35,5.04,3.19,1.98,1.56,2.46,1.82,1.88,1.88,1.51,1.70,1.89,1.85,1.52,4.40,4.62,1.57,2.06,2.53,4.09,3.86,3.94,1.74,2.01,2.02,2.02,3.94,2.54,4.57,2.69,2.78,2.86,2.85,2.33,1.68,,1.66,3.02,3.49,1.52,4.86,2.85,2.36,2.36,4.62,4.62,4.62,1.83,2.40
